ISO-10303-21;
HEADER;
/* Generated by software containing ST-Developer
 * from STEP Tools, Inc. (www.steptools.com) 
 */

FILE_DESCRIPTION(
/* description */ (''),
/* implementation_level */ '2;1');

FILE_NAME(
/* name */ 'body-downside.step',
/* time_stamp */ '2026-05-18T14:51:29+09:00',
/* author */ (''),
/* organization */ (''),
/* preprocessor_version */ 'ST-DEVELOPER v20.1',
/* originating_system */ 'Autodesk Translation Framework v15.8.0.0',
/* authorisation */ '');

FILE_SCHEMA (('AUTOMOTIVE_DESIGN { 1 0 10303 214 3 1 1 }'));
ENDSEC;

DATA;
#10=MECHANICAL_DESIGN_GEOMETRIC_PRESENTATION_REPRESENTATION('',(#13),#2731);
#11=SHAPE_REPRESENTATION_RELATIONSHIP('SRR','None',#2738,#12);
#12=ADVANCED_BREP_SHAPE_REPRESENTATION('',(#14),#2730);
#13=STYLED_ITEM('',(#2749),#14);
#14=MANIFOLD_SOLID_BREP('\X2\4E0B677F\X0\_\X2\30A230EB30DF\X0\',#1615);
#15=FACE_BOUND('',#344,.T.);
#16=FACE_BOUND('',#345,.T.);
#17=FACE_BOUND('',#346,.T.);
#18=FACE_BOUND('',#347,.T.);
#19=FACE_BOUND('',#348,.T.);
#20=FACE_BOUND('',#349,.T.);
#21=FACE_BOUND('',#350,.T.);
#22=FACE_BOUND('',#351,.T.);
#23=FACE_BOUND('',#352,.T.);
#24=FACE_BOUND('',#353,.T.);
#25=FACE_BOUND('',#354,.T.);
#26=FACE_BOUND('',#355,.T.);
#27=FACE_BOUND('',#356,.T.);
#28=FACE_BOUND('',#357,.T.);
#29=FACE_BOUND('',#358,.T.);
#30=FACE_BOUND('',#359,.T.);
#31=FACE_BOUND('',#360,.T.);
#32=FACE_BOUND('',#361,.T.);
#33=FACE_BOUND('',#362,.T.);
#34=FACE_BOUND('',#363,.T.);
#35=FACE_BOUND('',#364,.T.);
#36=FACE_BOUND('',#366,.T.);
#37=FACE_BOUND('',#367,.T.);
#38=FACE_BOUND('',#368,.T.);
#39=FACE_BOUND('',#369,.T.);
#40=FACE_BOUND('',#370,.T.);
#41=FACE_BOUND('',#371,.T.);
#42=FACE_BOUND('',#372,.T.);
#43=FACE_BOUND('',#373,.T.);
#44=FACE_BOUND('',#374,.T.);
#45=FACE_BOUND('',#375,.T.);
#46=FACE_BOUND('',#376,.T.);
#47=FACE_BOUND('',#377,.T.);
#48=FACE_BOUND('',#378,.T.);
#49=FACE_BOUND('',#379,.T.);
#50=FACE_BOUND('',#380,.T.);
#51=FACE_BOUND('',#381,.T.);
#52=FACE_BOUND('',#382,.T.);
#53=FACE_BOUND('',#383,.T.);
#54=FACE_BOUND('',#384,.T.);
#55=FACE_BOUND('',#385,.T.);
#56=FACE_BOUND('',#386,.T.);
#57=CIRCLE('',#1631,4.);
#58=CIRCLE('',#1632,4.);
#59=CIRCLE('',#1636,78.5);
#60=CIRCLE('',#1637,78.5);
#61=CIRCLE('',#1641,4.);
#62=CIRCLE('',#1642,4.);
#63=CIRCLE('',#1645,67.8293267306183);
#64=CIRCLE('',#1646,67.8293267306183);
#65=CIRCLE('',#1649,4.);
#66=CIRCLE('',#1650,4.);
#67=CIRCLE('',#1654,78.5);
#68=CIRCLE('',#1655,78.5);
#69=CIRCLE('',#1659,4.);
#70=CIRCLE('',#1660,4.);
#71=CIRCLE('',#1663,67.8293267306183);
#72=CIRCLE('',#1664,67.8293267306183);
#73=CIRCLE('',#1666,1.65);
#74=CIRCLE('',#1667,1.65);
#75=CIRCLE('',#1669,1.65);
#76=CIRCLE('',#1670,1.65);
#77=CIRCLE('',#1672,1.65);
#78=CIRCLE('',#1673,1.65);
#79=CIRCLE('',#1675,1.65);
#80=CIRCLE('',#1676,1.65);
#81=CIRCLE('',#1678,1.65);
#82=CIRCLE('',#1679,1.65);
#83=CIRCLE('',#1681,1.6);
#84=CIRCLE('',#1682,1.6);
#85=CIRCLE('',#1684,1.65);
#86=CIRCLE('',#1685,1.65);
#87=CIRCLE('',#1687,1.65);
#88=CIRCLE('',#1688,1.65);
#89=CIRCLE('',#1690,1.65);
#90=CIRCLE('',#1691,1.65);
#91=CIRCLE('',#1693,1.65);
#92=CIRCLE('',#1694,1.65);
#93=CIRCLE('',#1696,1.65);
#94=CIRCLE('',#1697,1.65);
#95=CIRCLE('',#1699,1.65);
#96=CIRCLE('',#1700,1.65);
#97=CIRCLE('',#1702,1.65);
#98=CIRCLE('',#1703,1.65);
#99=CIRCLE('',#1705,1.6);
#100=CIRCLE('',#1706,1.6);
#101=CIRCLE('',#1708,1.6);
#102=CIRCLE('',#1709,1.6);
#103=CIRCLE('',#1711,1.65);
#104=CIRCLE('',#1712,1.65);
#105=CIRCLE('',#1714,1.6);
#106=CIRCLE('',#1715,1.6);
#107=CIRCLE('',#1717,1.65);
#108=CIRCLE('',#1718,1.65);
#109=CIRCLE('',#1720,1.65);
#110=CIRCLE('',#1721,1.65);
#111=CIRCLE('',#1723,1.65);
#112=CIRCLE('',#1724,1.65);
#113=CIRCLE('',#1728,3.);
#114=CIRCLE('',#1729,3.);
#115=CIRCLE('',#1732,3.);
#116=CIRCLE('',#1733,3.);
#117=CIRCLE('',#1737,87.5);
#118=CIRCLE('',#1738,87.5);
#119=CIRCLE('',#1742,3.);
#120=CIRCLE('',#1743,3.);
#121=CIRCLE('',#1746,3.);
#122=CIRCLE('',#1747,3.);
#123=CIRCLE('',#1751,3.00000000000021);
#124=CIRCLE('',#1752,3.00000000000021);
#125=CIRCLE('',#1754,70.8293267306183);
#126=CIRCLE('',#1755,70.8293267306183);
#127=CIRCLE('',#1757,3.);
#128=CIRCLE('',#1758,3.);
#129=CIRCLE('',#1762,3.);
#130=CIRCLE('',#1763,3.);
#131=CIRCLE('',#1766,3.);
#132=CIRCLE('',#1767,3.);
#133=CIRCLE('',#1771,87.5);
#134=CIRCLE('',#1772,87.5);
#135=CIRCLE('',#1776,3.);
#136=CIRCLE('',#1777,3.);
#137=CIRCLE('',#1780,3.);
#138=CIRCLE('',#1781,3.);
#139=CIRCLE('',#1785,3.);
#140=CIRCLE('',#1786,3.);
#141=CIRCLE('',#1788,70.8293267306183);
#142=CIRCLE('',#1789,70.8293267306183);
#143=CIRCLE('',#1791,3.);
#144=CIRCLE('',#1792,3.);
#145=CYLINDRICAL_SURFACE('',#1630,4.);
#146=CYLINDRICAL_SURFACE('',#1635,78.5);
#147=CYLINDRICAL_SURFACE('',#1640,4.);
#148=CYLINDRICAL_SURFACE('',#1644,67.8293267306183);
#149=CYLINDRICAL_SURFACE('',#1648,4.);
#150=CYLINDRICAL_SURFACE('',#1653,78.5);
#151=CYLINDRICAL_SURFACE('',#1658,4.);
#152=CYLINDRICAL_SURFACE('',#1662,67.8293267306183);
#153=CYLINDRICAL_SURFACE('',#1665,1.65);
#154=CYLINDRICAL_SURFACE('',#1668,1.65);
#155=CYLINDRICAL_SURFACE('',#1671,1.65);
#156=CYLINDRICAL_SURFACE('',#1674,1.65);
#157=CYLINDRICAL_SURFACE('',#1677,1.65);
#158=CYLINDRICAL_SURFACE('',#1680,1.6);
#159=CYLINDRICAL_SURFACE('',#1683,1.65);
#160=CYLINDRICAL_SURFACE('',#1686,1.65);
#161=CYLINDRICAL_SURFACE('',#1689,1.65);
#162=CYLINDRICAL_SURFACE('',#1692,1.65);
#163=CYLINDRICAL_SURFACE('',#1695,1.65);
#164=CYLINDRICAL_SURFACE('',#1698,1.65);
#165=CYLINDRICAL_SURFACE('',#1701,1.65);
#166=CYLINDRICAL_SURFACE('',#1704,1.6);
#167=CYLINDRICAL_SURFACE('',#1707,1.6);
#168=CYLINDRICAL_SURFACE('',#1710,1.65);
#169=CYLINDRICAL_SURFACE('',#1713,1.6);
#170=CYLINDRICAL_SURFACE('',#1716,1.65);
#171=CYLINDRICAL_SURFACE('',#1719,1.65);
#172=CYLINDRICAL_SURFACE('',#1722,1.65);
#173=CYLINDRICAL_SURFACE('',#1727,3.);
#174=CYLINDRICAL_SURFACE('',#1731,3.);
#175=CYLINDRICAL_SURFACE('',#1736,87.5);
#176=CYLINDRICAL_SURFACE('',#1741,3.);
#177=CYLINDRICAL_SURFACE('',#1745,3.);
#178=CYLINDRICAL_SURFACE('',#1750,3.00000000000021);
#179=CYLINDRICAL_SURFACE('',#1753,70.8293267306183);
#180=CYLINDRICAL_SURFACE('',#1756,3.);
#181=CYLINDRICAL_SURFACE('',#1761,3.);
#182=CYLINDRICAL_SURFACE('',#1765,3.);
#183=CYLINDRICAL_SURFACE('',#1770,87.5);
#184=CYLINDRICAL_SURFACE('',#1775,3.);
#185=CYLINDRICAL_SURFACE('',#1779,3.);
#186=CYLINDRICAL_SURFACE('',#1784,3.);
#187=CYLINDRICAL_SURFACE('',#1787,70.8293267306183);
#188=CYLINDRICAL_SURFACE('',#1790,3.);
#189=FACE_OUTER_BOUND('',#267,.T.);
#190=FACE_OUTER_BOUND('',#268,.T.);
#191=FACE_OUTER_BOUND('',#269,.T.);
#192=FACE_OUTER_BOUND('',#270,.T.);
#193=FACE_OUTER_BOUND('',#271,.T.);
#194=FACE_OUTER_BOUND('',#272,.T.);
#195=FACE_OUTER_BOUND('',#273,.T.);
#196=FACE_OUTER_BOUND('',#274,.T.);
#197=FACE_OUTER_BOUND('',#275,.T.);
#198=FACE_OUTER_BOUND('',#276,.T.);
#199=FACE_OUTER_BOUND('',#277,.T.);
#200=FACE_OUTER_BOUND('',#278,.T.);
#201=FACE_OUTER_BOUND('',#279,.T.);
#202=FACE_OUTER_BOUND('',#280,.T.);
#203=FACE_OUTER_BOUND('',#281,.T.);
#204=FACE_OUTER_BOUND('',#282,.T.);
#205=FACE_OUTER_BOUND('',#283,.T.);
#206=FACE_OUTER_BOUND('',#284,.T.);
#207=FACE_OUTER_BOUND('',#285,.T.);
#208=FACE_OUTER_BOUND('',#286,.T.);
#209=FACE_OUTER_BOUND('',#287,.T.);
#210=FACE_OUTER_BOUND('',#288,.T.);
#211=FACE_OUTER_BOUND('',#289,.T.);
#212=FACE_OUTER_BOUND('',#290,.T.);
#213=FACE_OUTER_BOUND('',#291,.T.);
#214=FACE_OUTER_BOUND('',#292,.T.);
#215=FACE_OUTER_BOUND('',#293,.T.);
#216=FACE_OUTER_BOUND('',#294,.T.);
#217=FACE_OUTER_BOUND('',#295,.T.);
#218=FACE_OUTER_BOUND('',#296,.T.);
#219=FACE_OUTER_BOUND('',#297,.T.);
#220=FACE_OUTER_BOUND('',#298,.T.);
#221=FACE_OUTER_BOUND('',#299,.T.);
#222=FACE_OUTER_BOUND('',#300,.T.);
#223=FACE_OUTER_BOUND('',#301,.T.);
#224=FACE_OUTER_BOUND('',#302,.T.);
#225=FACE_OUTER_BOUND('',#303,.T.);
#226=FACE_OUTER_BOUND('',#304,.T.);
#227=FACE_OUTER_BOUND('',#305,.T.);
#228=FACE_OUTER_BOUND('',#306,.T.);
#229=FACE_OUTER_BOUND('',#307,.T.);
#230=FACE_OUTER_BOUND('',#308,.T.);
#231=FACE_OUTER_BOUND('',#309,.T.);
#232=FACE_OUTER_BOUND('',#310,.T.);
#233=FACE_OUTER_BOUND('',#311,.T.);
#234=FACE_OUTER_BOUND('',#312,.T.);
#235=FACE_OUTER_BOUND('',#313,.T.);
#236=FACE_OUTER_BOUND('',#314,.T.);
#237=FACE_OUTER_BOUND('',#315,.T.);
#238=FACE_OUTER_BOUND('',#316,.T.);
#239=FACE_OUTER_BOUND('',#317,.T.);
#240=FACE_OUTER_BOUND('',#318,.T.);
#241=FACE_OUTER_BOUND('',#319,.T.);
#242=FACE_OUTER_BOUND('',#320,.T.);
#243=FACE_OUTER_BOUND('',#321,.T.);
#244=FACE_OUTER_BOUND('',#322,.T.);
#245=FACE_OUTER_BOUND('',#323,.T.);
#246=FACE_OUTER_BOUND('',#324,.T.);
#247=FACE_OUTER_BOUND('',#325,.T.);
#248=FACE_OUTER_BOUND('',#326,.T.);
#249=FACE_OUTER_BOUND('',#327,.T.);
#250=FACE_OUTER_BOUND('',#328,.T.);
#251=FACE_OUTER_BOUND('',#329,.T.);
#252=FACE_OUTER_BOUND('',#330,.T.);
#253=FACE_OUTER_BOUND('',#331,.T.);
#254=FACE_OUTER_BOUND('',#332,.T.);
#255=FACE_OUTER_BOUND('',#333,.T.);
#256=FACE_OUTER_BOUND('',#334,.T.);
#257=FACE_OUTER_BOUND('',#335,.T.);
#258=FACE_OUTER_BOUND('',#336,.T.);
#259=FACE_OUTER_BOUND('',#337,.T.);
#260=FACE_OUTER_BOUND('',#338,.T.);
#261=FACE_OUTER_BOUND('',#339,.T.);
#262=FACE_OUTER_BOUND('',#340,.T.);
#263=FACE_OUTER_BOUND('',#341,.T.);
#264=FACE_OUTER_BOUND('',#342,.T.);
#265=FACE_OUTER_BOUND('',#343,.T.);
#266=FACE_OUTER_BOUND('',#365,.T.);
#267=EDGE_LOOP('',(#1047,#1048,#1049,#1050));
#268=EDGE_LOOP('',(#1051,#1052,#1053,#1054));
#269=EDGE_LOOP('',(#1055,#1056,#1057,#1058));
#270=EDGE_LOOP('',(#1059,#1060,#1061,#1062));
#271=EDGE_LOOP('',(#1063,#1064,#1065,#1066));
#272=EDGE_LOOP('',(#1067,#1068,#1069,#1070));
#273=EDGE_LOOP('',(#1071,#1072,#1073,#1074));
#274=EDGE_LOOP('',(#1075,#1076,#1077,#1078));
#275=EDGE_LOOP('',(#1079,#1080,#1081,#1082));
#276=EDGE_LOOP('',(#1083,#1084,#1085,#1086));
#277=EDGE_LOOP('',(#1087,#1088,#1089,#1090));
#278=EDGE_LOOP('',(#1091,#1092,#1093,#1094));
#279=EDGE_LOOP('',(#1095,#1096,#1097,#1098));
#280=EDGE_LOOP('',(#1099,#1100,#1101,#1102));
#281=EDGE_LOOP('',(#1103,#1104,#1105,#1106));
#282=EDGE_LOOP('',(#1107,#1108,#1109,#1110));
#283=EDGE_LOOP('',(#1111,#1112,#1113,#1114));
#284=EDGE_LOOP('',(#1115,#1116,#1117,#1118));
#285=EDGE_LOOP('',(#1119,#1120,#1121,#1122));
#286=EDGE_LOOP('',(#1123,#1124,#1125,#1126));
#287=EDGE_LOOP('',(#1127,#1128,#1129,#1130));
#288=EDGE_LOOP('',(#1131,#1132,#1133,#1134));
#289=EDGE_LOOP('',(#1135,#1136,#1137,#1138));
#290=EDGE_LOOP('',(#1139,#1140,#1141,#1142));
#291=EDGE_LOOP('',(#1143,#1144,#1145,#1146));
#292=EDGE_LOOP('',(#1147,#1148,#1149,#1150));
#293=EDGE_LOOP('',(#1151,#1152,#1153,#1154));
#294=EDGE_LOOP('',(#1155,#1156,#1157,#1158));
#295=EDGE_LOOP('',(#1159,#1160,#1161,#1162));
#296=EDGE_LOOP('',(#1163,#1164,#1165,#1166));
#297=EDGE_LOOP('',(#1167,#1168,#1169,#1170));
#298=EDGE_LOOP('',(#1171,#1172,#1173,#1174));
#299=EDGE_LOOP('',(#1175,#1176,#1177,#1178));
#300=EDGE_LOOP('',(#1179,#1180,#1181,#1182));
#301=EDGE_LOOP('',(#1183,#1184,#1185,#1186));
#302=EDGE_LOOP('',(#1187,#1188,#1189,#1190));
#303=EDGE_LOOP('',(#1191,#1192,#1193,#1194));
#304=EDGE_LOOP('',(#1195,#1196,#1197,#1198));
#305=EDGE_LOOP('',(#1199,#1200,#1201,#1202));
#306=EDGE_LOOP('',(#1203,#1204,#1205,#1206));
#307=EDGE_LOOP('',(#1207,#1208,#1209,#1210));
#308=EDGE_LOOP('',(#1211,#1212,#1213,#1214));
#309=EDGE_LOOP('',(#1215,#1216,#1217,#1218));
#310=EDGE_LOOP('',(#1219,#1220,#1221,#1222));
#311=EDGE_LOOP('',(#1223,#1224,#1225,#1226));
#312=EDGE_LOOP('',(#1227,#1228,#1229,#1230));
#313=EDGE_LOOP('',(#1231,#1232,#1233,#1234));
#314=EDGE_LOOP('',(#1235,#1236,#1237,#1238));
#315=EDGE_LOOP('',(#1239,#1240,#1241,#1242));
#316=EDGE_LOOP('',(#1243,#1244,#1245,#1246));
#317=EDGE_LOOP('',(#1247,#1248,#1249,#1250));
#318=EDGE_LOOP('',(#1251,#1252,#1253,#1254));
#319=EDGE_LOOP('',(#1255,#1256,#1257,#1258));
#320=EDGE_LOOP('',(#1259,#1260,#1261,#1262));
#321=EDGE_LOOP('',(#1263,#1264,#1265,#1266));
#322=EDGE_LOOP('',(#1267,#1268,#1269,#1270));
#323=EDGE_LOOP('',(#1271,#1272,#1273,#1274));
#324=EDGE_LOOP('',(#1275,#1276,#1277,#1278));
#325=EDGE_LOOP('',(#1279,#1280,#1281,#1282));
#326=EDGE_LOOP('',(#1283,#1284,#1285,#1286));
#327=EDGE_LOOP('',(#1287,#1288,#1289,#1290));
#328=EDGE_LOOP('',(#1291,#1292,#1293,#1294));
#329=EDGE_LOOP('',(#1295,#1296,#1297,#1298));
#330=EDGE_LOOP('',(#1299,#1300,#1301,#1302));
#331=EDGE_LOOP('',(#1303,#1304,#1305,#1306));
#332=EDGE_LOOP('',(#1307,#1308,#1309,#1310));
#333=EDGE_LOOP('',(#1311,#1312,#1313,#1314));
#334=EDGE_LOOP('',(#1315,#1316,#1317,#1318));
#335=EDGE_LOOP('',(#1319,#1320,#1321,#1322));
#336=EDGE_LOOP('',(#1323,#1324,#1325,#1326));
#337=EDGE_LOOP('',(#1327,#1328,#1329,#1330));
#338=EDGE_LOOP('',(#1331,#1332,#1333,#1334));
#339=EDGE_LOOP('',(#1335,#1336,#1337,#1338));
#340=EDGE_LOOP('',(#1339,#1340,#1341,#1342));
#341=EDGE_LOOP('',(#1343,#1344,#1345,#1346));
#342=EDGE_LOOP('',(#1347,#1348,#1349,#1350));
#343=EDGE_LOOP('',(#1351,#1352,#1353,#1354,#1355,#1356,#1357,#1358,#1359,
#1360,#1361,#1362,#1363,#1364,#1365,#1366,#1367,#1368,#1369,#1370,#1371,
#1372,#1373,#1374,#1375,#1376,#1377,#1378,#1379,#1380,#1381,#1382,#1383,
#1384,#1385,#1386));
#344=EDGE_LOOP('',(#1387));
#345=EDGE_LOOP('',(#1388));
#346=EDGE_LOOP('',(#1389));
#347=EDGE_LOOP('',(#1390));
#348=EDGE_LOOP('',(#1391));
#349=EDGE_LOOP('',(#1392));
#350=EDGE_LOOP('',(#1393));
#351=EDGE_LOOP('',(#1394));
#352=EDGE_LOOP('',(#1395));
#353=EDGE_LOOP('',(#1396));
#354=EDGE_LOOP('',(#1397));
#355=EDGE_LOOP('',(#1398));
#356=EDGE_LOOP('',(#1399));
#357=EDGE_LOOP('',(#1400));
#358=EDGE_LOOP('',(#1401));
#359=EDGE_LOOP('',(#1402));
#360=EDGE_LOOP('',(#1403));
#361=EDGE_LOOP('',(#1404));
#362=EDGE_LOOP('',(#1405));
#363=EDGE_LOOP('',(#1406));
#364=EDGE_LOOP('',(#1407,#1408,#1409,#1410,#1411,#1412,#1413,#1414,#1415,
#1416,#1417,#1418,#1419,#1420,#1421,#1422,#1423,#1424,#1425,#1426));
#365=EDGE_LOOP('',(#1427,#1428,#1429,#1430,#1431,#1432,#1433,#1434,#1435,
#1436,#1437,#1438,#1439,#1440,#1441,#1442,#1443,#1444,#1445,#1446,#1447,
#1448,#1449,#1450,#1451,#1452,#1453,#1454,#1455,#1456,#1457,#1458,#1459,
#1460,#1461,#1462));
#366=EDGE_LOOP('',(#1463));
#367=EDGE_LOOP('',(#1464));
#368=EDGE_LOOP('',(#1465));
#369=EDGE_LOOP('',(#1466));
#370=EDGE_LOOP('',(#1467));
#371=EDGE_LOOP('',(#1468));
#372=EDGE_LOOP('',(#1469));
#373=EDGE_LOOP('',(#1470));
#374=EDGE_LOOP('',(#1471));
#375=EDGE_LOOP('',(#1472));
#376=EDGE_LOOP('',(#1473));
#377=EDGE_LOOP('',(#1474));
#378=EDGE_LOOP('',(#1475));
#379=EDGE_LOOP('',(#1476));
#380=EDGE_LOOP('',(#1477));
#381=EDGE_LOOP('',(#1478));
#382=EDGE_LOOP('',(#1479));
#383=EDGE_LOOP('',(#1480));
#384=EDGE_LOOP('',(#1481));
#385=EDGE_LOOP('',(#1482));
#386=EDGE_LOOP('',(#1483,#1484,#1485,#1486,#1487,#1488,#1489,#1490,#1491,
#1492,#1493,#1494,#1495,#1496,#1497,#1498,#1499,#1500,#1501,#1502));
#387=LINE('',#2273,#527);
#388=LINE('',#2275,#528);
#389=LINE('',#2277,#529);
#390=LINE('',#2278,#530);
#391=LINE('',#2284,#531);
#392=LINE('',#2287,#532);
#393=LINE('',#2289,#533);
#394=LINE('',#2290,#534);
#395=LINE('',#2293,#535);
#396=LINE('',#2295,#536);
#397=LINE('',#2296,#537);
#398=LINE('',#2302,#538);
#399=LINE('',#2305,#539);
#400=LINE('',#2307,#540);
#401=LINE('',#2308,#541);
#402=LINE('',#2311,#542);
#403=LINE('',#2313,#543);
#404=LINE('',#2314,#544);
#405=LINE('',#2320,#545);
#406=LINE('',#2323,#546);
#407=LINE('',#2325,#547);
#408=LINE('',#2326,#548);
#409=LINE('',#2332,#549);
#410=LINE('',#2335,#550);
#411=LINE('',#2337,#551);
#412=LINE('',#2338,#552);
#413=LINE('',#2344,#553);
#414=LINE('',#2347,#554);
#415=LINE('',#2349,#555);
#416=LINE('',#2350,#556);
#417=LINE('',#2353,#557);
#418=LINE('',#2355,#558);
#419=LINE('',#2356,#559);
#420=LINE('',#2362,#560);
#421=LINE('',#2365,#561);
#422=LINE('',#2367,#562);
#423=LINE('',#2368,#563);
#424=LINE('',#2371,#564);
#425=LINE('',#2373,#565);
#426=LINE('',#2374,#566);
#427=LINE('',#2380,#567);
#428=LINE('',#2383,#568);
#429=LINE('',#2385,#569);
#430=LINE('',#2386,#570);
#431=LINE('',#2394,#571);
#432=LINE('',#2400,#572);
#433=LINE('',#2406,#573);
#434=LINE('',#2412,#574);
#435=LINE('',#2418,#575);
#436=LINE('',#2424,#576);
#437=LINE('',#2430,#577);
#438=LINE('',#2436,#578);
#439=LINE('',#2442,#579);
#440=LINE('',#2448,#580);
#441=LINE('',#2454,#581);
#442=LINE('',#2460,#582);
#443=LINE('',#2466,#583);
#444=LINE('',#2472,#584);
#445=LINE('',#2478,#585);
#446=LINE('',#2484,#586);
#447=LINE('',#2490,#587);
#448=LINE('',#2496,#588);
#449=LINE('',#2502,#589);
#450=LINE('',#2508,#590);
#451=LINE('',#2513,#591);
#452=LINE('',#2515,#592);
#453=LINE('',#2517,#593);
#454=LINE('',#2518,#594);
#455=LINE('',#2521,#595);
#456=LINE('',#2523,#596);
#457=LINE('',#2524,#597);
#458=LINE('',#2530,#598);
#459=LINE('',#2533,#599);
#460=LINE('',#2535,#600);
#461=LINE('',#2536,#601);
#462=LINE('',#2542,#602);
#463=LINE('',#2545,#603);
#464=LINE('',#2547,#604);
#465=LINE('',#2548,#605);
#466=LINE('',#2551,#606);
#467=LINE('',#2553,#607);
#468=LINE('',#2554,#608);
#469=LINE('',#2560,#609);
#470=LINE('',#2563,#610);
#471=LINE('',#2565,#611);
#472=LINE('',#2566,#612);
#473=LINE('',#2569,#613);
#474=LINE('',#2571,#614);
#475=LINE('',#2572,#615);
#476=LINE('',#2578,#616);
#477=LINE('',#2581,#617);
#478=LINE('',#2583,#618);
#479=LINE('',#2584,#619);
#480=LINE('',#2590,#620);
#481=LINE('',#2593,#621);
#482=LINE('',#2595,#622);
#483=LINE('',#2596,#623);
#484=LINE('',#2599,#624);
#485=LINE('',#2601,#625);
#486=LINE('',#2602,#626);
#487=LINE('',#2608,#627);
#488=LINE('',#2614,#628);
#489=LINE('',#2620,#629);
#490=LINE('',#2623,#630);
#491=LINE('',#2625,#631);
#492=LINE('',#2626,#632);
#493=LINE('',#2629,#633);
#494=LINE('',#2631,#634);
#495=LINE('',#2632,#635);
#496=LINE('',#2638,#636);
#497=LINE('',#2641,#637);
#498=LINE('',#2643,#638);
#499=LINE('',#2644,#639);
#500=LINE('',#2650,#640);
#501=LINE('',#2653,#641);
#502=LINE('',#2655,#642);
#503=LINE('',#2656,#643);
#504=LINE('',#2659,#644);
#505=LINE('',#2661,#645);
#506=LINE('',#2662,#646);
#507=LINE('',#2668,#647);
#508=LINE('',#2671,#648);
#509=LINE('',#2673,#649);
#510=LINE('',#2674,#650);
#511=LINE('',#2677,#651);
#512=LINE('',#2679,#652);
#513=LINE('',#2680,#653);
#514=LINE('',#2686,#654);
#515=LINE('',#2689,#655);
#516=LINE('',#2691,#656);
#517=LINE('',#2692,#657);
#518=LINE('',#2698,#658);
#519=LINE('',#2701,#659);
#520=LINE('',#2703,#660);
#521=LINE('',#2704,#661);
#522=LINE('',#2707,#662);
#523=LINE('',#2709,#663);
#524=LINE('',#2710,#664);
#525=LINE('',#2716,#665);
#526=LINE('',#2722,#666);
#527=VECTOR('',#1799,10.);
#528=VECTOR('',#1800,10.);
#529=VECTOR('',#1801,10.);
#530=VECTOR('',#1802,10.);
#531=VECTOR('',#1809,10.);
#532=VECTOR('',#1812,10.);
#533=VECTOR('',#1813,10.);
#534=VECTOR('',#1814,10.);
#535=VECTOR('',#1817,10.);
#536=VECTOR('',#1818,10.);
#537=VECTOR('',#1819,10.);
#538=VECTOR('',#1826,10.);
#539=VECTOR('',#1829,10.);
#540=VECTOR('',#1830,10.);
#541=VECTOR('',#1831,10.);
#542=VECTOR('',#1834,10.);
#543=VECTOR('',#1835,10.);
#544=VECTOR('',#1836,10.);
#545=VECTOR('',#1843,10.);
#546=VECTOR('',#1846,10.);
#547=VECTOR('',#1847,10.);
#548=VECTOR('',#1848,10.);
#549=VECTOR('',#1855,10.);
#550=VECTOR('',#1858,10.);
#551=VECTOR('',#1859,10.);
#552=VECTOR('',#1860,10.);
#553=VECTOR('',#1867,10.);
#554=VECTOR('',#1870,10.);
#555=VECTOR('',#1871,10.);
#556=VECTOR('',#1872,10.);
#557=VECTOR('',#1875,10.);
#558=VECTOR('',#1876,10.);
#559=VECTOR('',#1877,10.);
#560=VECTOR('',#1884,10.);
#561=VECTOR('',#1887,10.);
#562=VECTOR('',#1888,10.);
#563=VECTOR('',#1889,10.);
#564=VECTOR('',#1892,10.);
#565=VECTOR('',#1893,10.);
#566=VECTOR('',#1894,10.);
#567=VECTOR('',#1901,10.);
#568=VECTOR('',#1904,10.);
#569=VECTOR('',#1905,10.);
#570=VECTOR('',#1906,10.);
#571=VECTOR('',#1917,1.65);
#572=VECTOR('',#1924,1.65);
#573=VECTOR('',#1931,1.65);
#574=VECTOR('',#1938,1.65);
#575=VECTOR('',#1945,1.65);
#576=VECTOR('',#1952,1.6);
#577=VECTOR('',#1959,1.65);
#578=VECTOR('',#1966,1.65);
#579=VECTOR('',#1973,1.65);
#580=VECTOR('',#1980,1.65);
#581=VECTOR('',#1987,1.65);
#582=VECTOR('',#1994,1.65);
#583=VECTOR('',#2001,1.65);
#584=VECTOR('',#2008,1.6);
#585=VECTOR('',#2015,1.6);
#586=VECTOR('',#2022,1.65);
#587=VECTOR('',#2029,1.6);
#588=VECTOR('',#2036,1.65);
#589=VECTOR('',#2043,1.65);
#590=VECTOR('',#2050,1.65);
#591=VECTOR('',#2055,10.);
#592=VECTOR('',#2056,10.);
#593=VECTOR('',#2057,10.);
#594=VECTOR('',#2058,10.);
#595=VECTOR('',#2061,10.);
#596=VECTOR('',#2062,10.);
#597=VECTOR('',#2063,10.);
#598=VECTOR('',#2070,10.);
#599=VECTOR('',#2073,10.);
#600=VECTOR('',#2074,10.);
#601=VECTOR('',#2075,10.);
#602=VECTOR('',#2082,10.);
#603=VECTOR('',#2085,10.);
#604=VECTOR('',#2086,10.);
#605=VECTOR('',#2087,10.);
#606=VECTOR('',#2090,10.);
#607=VECTOR('',#2091,10.);
#608=VECTOR('',#2092,10.);
#609=VECTOR('',#2099,10.);
#610=VECTOR('',#2102,10.);
#611=VECTOR('',#2103,10.);
#612=VECTOR('',#2104,10.);
#613=VECTOR('',#2107,10.);
#614=VECTOR('',#2108,10.);
#615=VECTOR('',#2109,10.);
#616=VECTOR('',#2116,10.);
#617=VECTOR('',#2119,10.);
#618=VECTOR('',#2120,10.);
#619=VECTOR('',#2121,10.);
#620=VECTOR('',#2128,10.);
#621=VECTOR('',#2131,10.);
#622=VECTOR('',#2132,10.);
#623=VECTOR('',#2133,10.);
#624=VECTOR('',#2136,10.);
#625=VECTOR('',#2137,10.);
#626=VECTOR('',#2138,10.);
#627=VECTOR('',#2145,10.);
#628=VECTOR('',#2152,10.);
#629=VECTOR('',#2159,10.);
#630=VECTOR('',#2162,10.);
#631=VECTOR('',#2163,10.);
#632=VECTOR('',#2164,10.);
#633=VECTOR('',#2167,10.);
#634=VECTOR('',#2168,10.);
#635=VECTOR('',#2169,10.);
#636=VECTOR('',#2176,10.);
#637=VECTOR('',#2179,10.);
#638=VECTOR('',#2180,10.);
#639=VECTOR('',#2181,10.);
#640=VECTOR('',#2188,10.);
#641=VECTOR('',#2191,10.);
#642=VECTOR('',#2192,10.);
#643=VECTOR('',#2193,10.);
#644=VECTOR('',#2196,10.);
#645=VECTOR('',#2197,10.);
#646=VECTOR('',#2198,10.);
#647=VECTOR('',#2205,10.);
#648=VECTOR('',#2208,10.);
#649=VECTOR('',#2209,10.);
#650=VECTOR('',#2210,10.);
#651=VECTOR('',#2213,10.);
#652=VECTOR('',#2214,10.);
#653=VECTOR('',#2215,10.);
#654=VECTOR('',#2222,10.);
#655=VECTOR('',#2225,10.);
#656=VECTOR('',#2226,10.);
#657=VECTOR('',#2227,10.);
#658=VECTOR('',#2234,10.);
#659=VECTOR('',#2237,10.);
#660=VECTOR('',#2238,10.);
#661=VECTOR('',#2239,10.);
#662=VECTOR('',#2242,10.);
#663=VECTOR('',#2243,10.);
#664=VECTOR('',#2244,10.);
#665=VECTOR('',#2251,10.);
#666=VECTOR('',#2258,10.);
#667=VERTEX_POINT('',#2271);
#668=VERTEX_POINT('',#2272);
#669=VERTEX_POINT('',#2274);
#670=VERTEX_POINT('',#2276);
#671=VERTEX_POINT('',#2280);
#672=VERTEX_POINT('',#2282);
#673=VERTEX_POINT('',#2286);
#674=VERTEX_POINT('',#2288);
#675=VERTEX_POINT('',#2292);
#676=VERTEX_POINT('',#2294);
#677=VERTEX_POINT('',#2298);
#678=VERTEX_POINT('',#2300);
#679=VERTEX_POINT('',#2304);
#680=VERTEX_POINT('',#2306);
#681=VERTEX_POINT('',#2310);
#682=VERTEX_POINT('',#2312);
#683=VERTEX_POINT('',#2316);
#684=VERTEX_POINT('',#2318);
#685=VERTEX_POINT('',#2322);
#686=VERTEX_POINT('',#2324);
#687=VERTEX_POINT('',#2328);
#688=VERTEX_POINT('',#2330);
#689=VERTEX_POINT('',#2334);
#690=VERTEX_POINT('',#2336);
#691=VERTEX_POINT('',#2340);
#692=VERTEX_POINT('',#2342);
#693=VERTEX_POINT('',#2346);
#694=VERTEX_POINT('',#2348);
#695=VERTEX_POINT('',#2352);
#696=VERTEX_POINT('',#2354);
#697=VERTEX_POINT('',#2358);
#698=VERTEX_POINT('',#2360);
#699=VERTEX_POINT('',#2364);
#700=VERTEX_POINT('',#2366);
#701=VERTEX_POINT('',#2370);
#702=VERTEX_POINT('',#2372);
#703=VERTEX_POINT('',#2376);
#704=VERTEX_POINT('',#2378);
#705=VERTEX_POINT('',#2382);
#706=VERTEX_POINT('',#2384);
#707=VERTEX_POINT('',#2391);
#708=VERTEX_POINT('',#2393);
#709=VERTEX_POINT('',#2397);
#710=VERTEX_POINT('',#2399);
#711=VERTEX_POINT('',#2403);
#712=VERTEX_POINT('',#2405);
#713=VERTEX_POINT('',#2409);
#714=VERTEX_POINT('',#2411);
#715=VERTEX_POINT('',#2415);
#716=VERTEX_POINT('',#2417);
#717=VERTEX_POINT('',#2421);
#718=VERTEX_POINT('',#2423);
#719=VERTEX_POINT('',#2427);
#720=VERTEX_POINT('',#2429);
#721=VERTEX_POINT('',#2433);
#722=VERTEX_POINT('',#2435);
#723=VERTEX_POINT('',#2439);
#724=VERTEX_POINT('',#2441);
#725=VERTEX_POINT('',#2445);
#726=VERTEX_POINT('',#2447);
#727=VERTEX_POINT('',#2451);
#728=VERTEX_POINT('',#2453);
#729=VERTEX_POINT('',#2457);
#730=VERTEX_POINT('',#2459);
#731=VERTEX_POINT('',#2463);
#732=VERTEX_POINT('',#2465);
#733=VERTEX_POINT('',#2469);
#734=VERTEX_POINT('',#2471);
#735=VERTEX_POINT('',#2475);
#736=VERTEX_POINT('',#2477);
#737=VERTEX_POINT('',#2481);
#738=VERTEX_POINT('',#2483);
#739=VERTEX_POINT('',#2487);
#740=VERTEX_POINT('',#2489);
#741=VERTEX_POINT('',#2493);
#742=VERTEX_POINT('',#2495);
#743=VERTEX_POINT('',#2499);
#744=VERTEX_POINT('',#2501);
#745=VERTEX_POINT('',#2505);
#746=VERTEX_POINT('',#2507);
#747=VERTEX_POINT('',#2511);
#748=VERTEX_POINT('',#2512);
#749=VERTEX_POINT('',#2514);
#750=VERTEX_POINT('',#2516);
#751=VERTEX_POINT('',#2520);
#752=VERTEX_POINT('',#2522);
#753=VERTEX_POINT('',#2526);
#754=VERTEX_POINT('',#2528);
#755=VERTEX_POINT('',#2532);
#756=VERTEX_POINT('',#2534);
#757=VERTEX_POINT('',#2538);
#758=VERTEX_POINT('',#2540);
#759=VERTEX_POINT('',#2544);
#760=VERTEX_POINT('',#2546);
#761=VERTEX_POINT('',#2550);
#762=VERTEX_POINT('',#2552);
#763=VERTEX_POINT('',#2556);
#764=VERTEX_POINT('',#2558);
#765=VERTEX_POINT('',#2562);
#766=VERTEX_POINT('',#2564);
#767=VERTEX_POINT('',#2568);
#768=VERTEX_POINT('',#2570);
#769=VERTEX_POINT('',#2574);
#770=VERTEX_POINT('',#2576);
#771=VERTEX_POINT('',#2580);
#772=VERTEX_POINT('',#2582);
#773=VERTEX_POINT('',#2586);
#774=VERTEX_POINT('',#2588);
#775=VERTEX_POINT('',#2592);
#776=VERTEX_POINT('',#2594);
#777=VERTEX_POINT('',#2598);
#778=VERTEX_POINT('',#2600);
#779=VERTEX_POINT('',#2604);
#780=VERTEX_POINT('',#2606);
#781=VERTEX_POINT('',#2610);
#782=VERTEX_POINT('',#2612);
#783=VERTEX_POINT('',#2616);
#784=VERTEX_POINT('',#2618);
#785=VERTEX_POINT('',#2622);
#786=VERTEX_POINT('',#2624);
#787=VERTEX_POINT('',#2628);
#788=VERTEX_POINT('',#2630);
#789=VERTEX_POINT('',#2634);
#790=VERTEX_POINT('',#2636);
#791=VERTEX_POINT('',#2640);
#792=VERTEX_POINT('',#2642);
#793=VERTEX_POINT('',#2646);
#794=VERTEX_POINT('',#2648);
#795=VERTEX_POINT('',#2652);
#796=VERTEX_POINT('',#2654);
#797=VERTEX_POINT('',#2658);
#798=VERTEX_POINT('',#2660);
#799=VERTEX_POINT('',#2664);
#800=VERTEX_POINT('',#2666);
#801=VERTEX_POINT('',#2670);
#802=VERTEX_POINT('',#2672);
#803=VERTEX_POINT('',#2676);
#804=VERTEX_POINT('',#2678);
#805=VERTEX_POINT('',#2682);
#806=VERTEX_POINT('',#2684);
#807=VERTEX_POINT('',#2688);
#808=VERTEX_POINT('',#2690);
#809=VERTEX_POINT('',#2694);
#810=VERTEX_POINT('',#2696);
#811=VERTEX_POINT('',#2700);
#812=VERTEX_POINT('',#2702);
#813=VERTEX_POINT('',#2706);
#814=VERTEX_POINT('',#2708);
#815=VERTEX_POINT('',#2712);
#816=VERTEX_POINT('',#2714);
#817=VERTEX_POINT('',#2718);
#818=VERTEX_POINT('',#2720);
#819=EDGE_CURVE('',#667,#668,#387,.T.);
#820=EDGE_CURVE('',#668,#669,#388,.T.);
#821=EDGE_CURVE('',#670,#669,#389,.T.);
#822=EDGE_CURVE('',#667,#670,#390,.T.);
#823=EDGE_CURVE('',#671,#667,#57,.T.);
#824=EDGE_CURVE('',#672,#670,#58,.T.);
#825=EDGE_CURVE('',#671,#672,#391,.T.);
#826=EDGE_CURVE('',#673,#671,#392,.T.);
#827=EDGE_CURVE('',#674,#672,#393,.T.);
#828=EDGE_CURVE('',#673,#674,#394,.T.);
#829=EDGE_CURVE('',#675,#673,#395,.T.);
#830=EDGE_CURVE('',#676,#674,#396,.T.);
#831=EDGE_CURVE('',#675,#676,#397,.T.);
#832=EDGE_CURVE('',#677,#675,#59,.T.);
#833=EDGE_CURVE('',#678,#676,#60,.T.);
#834=EDGE_CURVE('',#677,#678,#398,.T.);
#835=EDGE_CURVE('',#679,#677,#399,.T.);
#836=EDGE_CURVE('',#680,#678,#400,.T.);
#837=EDGE_CURVE('',#679,#680,#401,.T.);
#838=EDGE_CURVE('',#681,#679,#402,.T.);
#839=EDGE_CURVE('',#682,#680,#403,.T.);
#840=EDGE_CURVE('',#681,#682,#404,.T.);
#841=EDGE_CURVE('',#683,#681,#61,.T.);
#842=EDGE_CURVE('',#684,#682,#62,.T.);
#843=EDGE_CURVE('',#683,#684,#405,.T.);
#844=EDGE_CURVE('',#685,#683,#406,.T.);
#845=EDGE_CURVE('',#686,#684,#407,.T.);
#846=EDGE_CURVE('',#685,#686,#408,.T.);
#847=EDGE_CURVE('',#687,#685,#63,.T.);
#848=EDGE_CURVE('',#688,#686,#64,.T.);
#849=EDGE_CURVE('',#687,#688,#409,.T.);
#850=EDGE_CURVE('',#689,#687,#410,.T.);
#851=EDGE_CURVE('',#690,#688,#411,.T.);
#852=EDGE_CURVE('',#689,#690,#412,.T.);
#853=EDGE_CURVE('',#691,#689,#65,.T.);
#854=EDGE_CURVE('',#692,#690,#66,.T.);
#855=EDGE_CURVE('',#691,#692,#413,.T.);
#856=EDGE_CURVE('',#693,#691,#414,.T.);
#857=EDGE_CURVE('',#694,#692,#415,.T.);
#858=EDGE_CURVE('',#693,#694,#416,.T.);
#859=EDGE_CURVE('',#695,#693,#417,.T.);
#860=EDGE_CURVE('',#696,#694,#418,.T.);
#861=EDGE_CURVE('',#695,#696,#419,.T.);
#862=EDGE_CURVE('',#697,#695,#67,.T.);
#863=EDGE_CURVE('',#698,#696,#68,.T.);
#864=EDGE_CURVE('',#697,#698,#420,.T.);
#865=EDGE_CURVE('',#699,#697,#421,.T.);
#866=EDGE_CURVE('',#700,#698,#422,.T.);
#867=EDGE_CURVE('',#699,#700,#423,.T.);
#868=EDGE_CURVE('',#701,#699,#424,.T.);
#869=EDGE_CURVE('',#702,#700,#425,.T.);
#870=EDGE_CURVE('',#701,#702,#426,.T.);
#871=EDGE_CURVE('',#703,#701,#69,.T.);
#872=EDGE_CURVE('',#704,#702,#70,.T.);
#873=EDGE_CURVE('',#703,#704,#427,.T.);
#874=EDGE_CURVE('',#705,#703,#428,.T.);
#875=EDGE_CURVE('',#706,#704,#429,.T.);
#876=EDGE_CURVE('',#705,#706,#430,.T.);
#877=EDGE_CURVE('',#668,#705,#71,.T.);
#878=EDGE_CURVE('',#669,#706,#72,.T.);
#879=EDGE_CURVE('',#707,#707,#73,.T.);
#880=EDGE_CURVE('',#707,#708,#431,.T.);
#881=EDGE_CURVE('',#708,#708,#74,.T.);
#882=EDGE_CURVE('',#709,#709,#75,.T.);
#883=EDGE_CURVE('',#709,#710,#432,.T.);
#884=EDGE_CURVE('',#710,#710,#76,.T.);
#885=EDGE_CURVE('',#711,#711,#77,.T.);
#886=EDGE_CURVE('',#711,#712,#433,.T.);
#887=EDGE_CURVE('',#712,#712,#78,.T.);
#888=EDGE_CURVE('',#713,#713,#79,.T.);
#889=EDGE_CURVE('',#713,#714,#434,.T.);
#890=EDGE_CURVE('',#714,#714,#80,.T.);
#891=EDGE_CURVE('',#715,#715,#81,.T.);
#892=EDGE_CURVE('',#715,#716,#435,.T.);
#893=EDGE_CURVE('',#716,#716,#82,.T.);
#894=EDGE_CURVE('',#717,#717,#83,.T.);
#895=EDGE_CURVE('',#717,#718,#436,.T.);
#896=EDGE_CURVE('',#718,#718,#84,.T.);
#897=EDGE_CURVE('',#719,#719,#85,.T.);
#898=EDGE_CURVE('',#719,#720,#437,.T.);
#899=EDGE_CURVE('',#720,#720,#86,.T.);
#900=EDGE_CURVE('',#721,#721,#87,.T.);
#901=EDGE_CURVE('',#721,#722,#438,.T.);
#902=EDGE_CURVE('',#722,#722,#88,.T.);
#903=EDGE_CURVE('',#723,#723,#89,.T.);
#904=EDGE_CURVE('',#723,#724,#439,.T.);
#905=EDGE_CURVE('',#724,#724,#90,.T.);
#906=EDGE_CURVE('',#725,#725,#91,.T.);
#907=EDGE_CURVE('',#725,#726,#440,.T.);
#908=EDGE_CURVE('',#726,#726,#92,.T.);
#909=EDGE_CURVE('',#727,#727,#93,.T.);
#910=EDGE_CURVE('',#727,#728,#441,.T.);
#911=EDGE_CURVE('',#728,#728,#94,.T.);
#912=EDGE_CURVE('',#729,#729,#95,.T.);
#913=EDGE_CURVE('',#729,#730,#442,.T.);
#914=EDGE_CURVE('',#730,#730,#96,.T.);
#915=EDGE_CURVE('',#731,#731,#97,.T.);
#916=EDGE_CURVE('',#731,#732,#443,.T.);
#917=EDGE_CURVE('',#732,#732,#98,.T.);
#918=EDGE_CURVE('',#733,#733,#99,.T.);
#919=EDGE_CURVE('',#733,#734,#444,.T.);
#920=EDGE_CURVE('',#734,#734,#100,.T.);
#921=EDGE_CURVE('',#735,#735,#101,.T.);
#922=EDGE_CURVE('',#735,#736,#445,.T.);
#923=EDGE_CURVE('',#736,#736,#102,.T.);
#924=EDGE_CURVE('',#737,#737,#103,.T.);
#925=EDGE_CURVE('',#737,#738,#446,.T.);
#926=EDGE_CURVE('',#738,#738,#104,.T.);
#927=EDGE_CURVE('',#739,#739,#105,.T.);
#928=EDGE_CURVE('',#739,#740,#447,.T.);
#929=EDGE_CURVE('',#740,#740,#106,.T.);
#930=EDGE_CURVE('',#741,#741,#107,.T.);
#931=EDGE_CURVE('',#741,#742,#448,.T.);
#932=EDGE_CURVE('',#742,#742,#108,.T.);
#933=EDGE_CURVE('',#743,#743,#109,.T.);
#934=EDGE_CURVE('',#743,#744,#449,.T.);
#935=EDGE_CURVE('',#744,#744,#110,.T.);
#936=EDGE_CURVE('',#745,#745,#111,.T.);
#937=EDGE_CURVE('',#745,#746,#450,.T.);
#938=EDGE_CURVE('',#746,#746,#112,.T.);
#939=EDGE_CURVE('',#747,#748,#451,.T.);
#940=EDGE_CURVE('',#747,#749,#452,.T.);
#941=EDGE_CURVE('',#750,#749,#453,.T.);
#942=EDGE_CURVE('',#748,#750,#454,.T.);
#943=EDGE_CURVE('',#748,#751,#455,.T.);
#944=EDGE_CURVE('',#752,#750,#456,.T.);
#945=EDGE_CURVE('',#751,#752,#457,.T.);
#946=EDGE_CURVE('',#753,#751,#113,.T.);
#947=EDGE_CURVE('',#754,#752,#114,.T.);
#948=EDGE_CURVE('',#753,#754,#458,.T.);
#949=EDGE_CURVE('',#753,#755,#459,.T.);
#950=EDGE_CURVE('',#756,#754,#460,.T.);
#951=EDGE_CURVE('',#755,#756,#461,.T.);
#952=EDGE_CURVE('',#757,#755,#115,.T.);
#953=EDGE_CURVE('',#758,#756,#116,.T.);
#954=EDGE_CURVE('',#757,#758,#462,.T.);
#955=EDGE_CURVE('',#757,#759,#463,.T.);
#956=EDGE_CURVE('',#760,#758,#464,.T.);
#957=EDGE_CURVE('',#759,#760,#465,.T.);
#958=EDGE_CURVE('',#759,#761,#466,.T.);
#959=EDGE_CURVE('',#762,#760,#467,.T.);
#960=EDGE_CURVE('',#761,#762,#468,.T.);
#961=EDGE_CURVE('',#763,#761,#117,.T.);
#962=EDGE_CURVE('',#764,#762,#118,.T.);
#963=EDGE_CURVE('',#763,#764,#469,.T.);
#964=EDGE_CURVE('',#765,#763,#470,.T.);
#965=EDGE_CURVE('',#766,#764,#471,.T.);
#966=EDGE_CURVE('',#765,#766,#472,.T.);
#967=EDGE_CURVE('',#765,#767,#473,.T.);
#968=EDGE_CURVE('',#768,#766,#474,.T.);
#969=EDGE_CURVE('',#767,#768,#475,.T.);
#970=EDGE_CURVE('',#769,#767,#119,.T.);
#971=EDGE_CURVE('',#770,#768,#120,.T.);
#972=EDGE_CURVE('',#769,#770,#476,.T.);
#973=EDGE_CURVE('',#769,#771,#477,.T.);
#974=EDGE_CURVE('',#772,#770,#478,.T.);
#975=EDGE_CURVE('',#771,#772,#479,.T.);
#976=EDGE_CURVE('',#773,#771,#121,.T.);
#977=EDGE_CURVE('',#774,#772,#122,.T.);
#978=EDGE_CURVE('',#773,#774,#480,.T.);
#979=EDGE_CURVE('',#773,#775,#481,.T.);
#980=EDGE_CURVE('',#776,#774,#482,.T.);
#981=EDGE_CURVE('',#775,#776,#483,.T.);
#982=EDGE_CURVE('',#777,#775,#484,.T.);
#983=EDGE_CURVE('',#778,#776,#485,.T.);
#984=EDGE_CURVE('',#777,#778,#486,.T.);
#985=EDGE_CURVE('',#779,#777,#123,.T.);
#986=EDGE_CURVE('',#780,#778,#124,.T.);
#987=EDGE_CURVE('',#779,#780,#487,.T.);
#988=EDGE_CURVE('',#781,#779,#125,.T.);
#989=EDGE_CURVE('',#782,#780,#126,.T.);
#990=EDGE_CURVE('',#781,#782,#488,.T.);
#991=EDGE_CURVE('',#783,#781,#127,.T.);
#992=EDGE_CURVE('',#784,#782,#128,.T.);
#993=EDGE_CURVE('',#783,#784,#489,.T.);
#994=EDGE_CURVE('',#783,#785,#490,.T.);
#995=EDGE_CURVE('',#786,#784,#491,.T.);
#996=EDGE_CURVE('',#785,#786,#492,.T.);
#997=EDGE_CURVE('',#785,#787,#493,.T.);
#998=EDGE_CURVE('',#788,#786,#494,.T.);
#999=EDGE_CURVE('',#787,#788,#495,.T.);
#1000=EDGE_CURVE('',#789,#787,#129,.T.);
#1001=EDGE_CURVE('',#790,#788,#130,.T.);
#1002=EDGE_CURVE('',#789,#790,#496,.T.);
#1003=EDGE_CURVE('',#789,#791,#497,.T.);
#1004=EDGE_CURVE('',#792,#790,#498,.T.);
#1005=EDGE_CURVE('',#791,#792,#499,.T.);
#1006=EDGE_CURVE('',#793,#791,#131,.T.);
#1007=EDGE_CURVE('',#794,#792,#132,.T.);
#1008=EDGE_CURVE('',#793,#794,#500,.T.);
#1009=EDGE_CURVE('',#793,#795,#501,.T.);
#1010=EDGE_CURVE('',#796,#794,#502,.T.);
#1011=EDGE_CURVE('',#795,#796,#503,.T.);
#1012=EDGE_CURVE('',#795,#797,#504,.T.);
#1013=EDGE_CURVE('',#798,#796,#505,.T.);
#1014=EDGE_CURVE('',#797,#798,#506,.T.);
#1015=EDGE_CURVE('',#799,#797,#133,.T.);
#1016=EDGE_CURVE('',#800,#798,#134,.T.);
#1017=EDGE_CURVE('',#799,#800,#507,.T.);
#1018=EDGE_CURVE('',#801,#799,#508,.T.);
#1019=EDGE_CURVE('',#802,#800,#509,.T.);
#1020=EDGE_CURVE('',#801,#802,#510,.T.);
#1021=EDGE_CURVE('',#801,#803,#511,.T.);
#1022=EDGE_CURVE('',#804,#802,#512,.T.);
#1023=EDGE_CURVE('',#803,#804,#513,.T.);
#1024=EDGE_CURVE('',#805,#803,#135,.T.);
#1025=EDGE_CURVE('',#806,#804,#136,.T.);
#1026=EDGE_CURVE('',#805,#806,#514,.T.);
#1027=EDGE_CURVE('',#805,#807,#515,.T.);
#1028=EDGE_CURVE('',#808,#806,#516,.T.);
#1029=EDGE_CURVE('',#807,#808,#517,.T.);
#1030=EDGE_CURVE('',#809,#807,#137,.T.);
#1031=EDGE_CURVE('',#810,#808,#138,.T.);
#1032=EDGE_CURVE('',#809,#810,#518,.T.);
#1033=EDGE_CURVE('',#809,#811,#519,.T.);
#1034=EDGE_CURVE('',#812,#810,#520,.T.);
#1035=EDGE_CURVE('',#811,#812,#521,.T.);
#1036=EDGE_CURVE('',#813,#811,#522,.T.);
#1037=EDGE_CURVE('',#814,#812,#523,.T.);
#1038=EDGE_CURVE('',#813,#814,#524,.T.);
#1039=EDGE_CURVE('',#815,#813,#139,.T.);
#1040=EDGE_CURVE('',#816,#814,#140,.T.);
#1041=EDGE_CURVE('',#815,#816,#525,.T.);
#1042=EDGE_CURVE('',#817,#815,#141,.T.);
#1043=EDGE_CURVE('',#818,#816,#142,.T.);
#1044=EDGE_CURVE('',#817,#818,#526,.T.);
#1045=EDGE_CURVE('',#747,#817,#143,.T.);
#1046=EDGE_CURVE('',#749,#818,#144,.T.);
#1047=ORIENTED_EDGE('',*,*,#819,.T.);
#1048=ORIENTED_EDGE('',*,*,#820,.T.);
#1049=ORIENTED_EDGE('',*,*,#821,.F.);
#1050=ORIENTED_EDGE('',*,*,#822,.F.);
#1051=ORIENTED_EDGE('',*,*,#823,.T.);
#1052=ORIENTED_EDGE('',*,*,#822,.T.);
#1053=ORIENTED_EDGE('',*,*,#824,.F.);
#1054=ORIENTED_EDGE('',*,*,#825,.F.);
#1055=ORIENTED_EDGE('',*,*,#826,.T.);
#1056=ORIENTED_EDGE('',*,*,#825,.T.);
#1057=ORIENTED_EDGE('',*,*,#827,.F.);
#1058=ORIENTED_EDGE('',*,*,#828,.F.);
#1059=ORIENTED_EDGE('',*,*,#829,.T.);
#1060=ORIENTED_EDGE('',*,*,#828,.T.);
#1061=ORIENTED_EDGE('',*,*,#830,.F.);
#1062=ORIENTED_EDGE('',*,*,#831,.F.);
#1063=ORIENTED_EDGE('',*,*,#832,.T.);
#1064=ORIENTED_EDGE('',*,*,#831,.T.);
#1065=ORIENTED_EDGE('',*,*,#833,.F.);
#1066=ORIENTED_EDGE('',*,*,#834,.F.);
#1067=ORIENTED_EDGE('',*,*,#835,.T.);
#1068=ORIENTED_EDGE('',*,*,#834,.T.);
#1069=ORIENTED_EDGE('',*,*,#836,.F.);
#1070=ORIENTED_EDGE('',*,*,#837,.F.);
#1071=ORIENTED_EDGE('',*,*,#838,.T.);
#1072=ORIENTED_EDGE('',*,*,#837,.T.);
#1073=ORIENTED_EDGE('',*,*,#839,.F.);
#1074=ORIENTED_EDGE('',*,*,#840,.F.);
#1075=ORIENTED_EDGE('',*,*,#841,.T.);
#1076=ORIENTED_EDGE('',*,*,#840,.T.);
#1077=ORIENTED_EDGE('',*,*,#842,.F.);
#1078=ORIENTED_EDGE('',*,*,#843,.F.);
#1079=ORIENTED_EDGE('',*,*,#844,.T.);
#1080=ORIENTED_EDGE('',*,*,#843,.T.);
#1081=ORIENTED_EDGE('',*,*,#845,.F.);
#1082=ORIENTED_EDGE('',*,*,#846,.F.);
#1083=ORIENTED_EDGE('',*,*,#847,.T.);
#1084=ORIENTED_EDGE('',*,*,#846,.T.);
#1085=ORIENTED_EDGE('',*,*,#848,.F.);
#1086=ORIENTED_EDGE('',*,*,#849,.F.);
#1087=ORIENTED_EDGE('',*,*,#850,.T.);
#1088=ORIENTED_EDGE('',*,*,#849,.T.);
#1089=ORIENTED_EDGE('',*,*,#851,.F.);
#1090=ORIENTED_EDGE('',*,*,#852,.F.);
#1091=ORIENTED_EDGE('',*,*,#853,.T.);
#1092=ORIENTED_EDGE('',*,*,#852,.T.);
#1093=ORIENTED_EDGE('',*,*,#854,.F.);
#1094=ORIENTED_EDGE('',*,*,#855,.F.);
#1095=ORIENTED_EDGE('',*,*,#856,.T.);
#1096=ORIENTED_EDGE('',*,*,#855,.T.);
#1097=ORIENTED_EDGE('',*,*,#857,.F.);
#1098=ORIENTED_EDGE('',*,*,#858,.F.);
#1099=ORIENTED_EDGE('',*,*,#859,.T.);
#1100=ORIENTED_EDGE('',*,*,#858,.T.);
#1101=ORIENTED_EDGE('',*,*,#860,.F.);
#1102=ORIENTED_EDGE('',*,*,#861,.F.);
#1103=ORIENTED_EDGE('',*,*,#862,.T.);
#1104=ORIENTED_EDGE('',*,*,#861,.T.);
#1105=ORIENTED_EDGE('',*,*,#863,.F.);
#1106=ORIENTED_EDGE('',*,*,#864,.F.);
#1107=ORIENTED_EDGE('',*,*,#865,.T.);
#1108=ORIENTED_EDGE('',*,*,#864,.T.);
#1109=ORIENTED_EDGE('',*,*,#866,.F.);
#1110=ORIENTED_EDGE('',*,*,#867,.F.);
#1111=ORIENTED_EDGE('',*,*,#868,.T.);
#1112=ORIENTED_EDGE('',*,*,#867,.T.);
#1113=ORIENTED_EDGE('',*,*,#869,.F.);
#1114=ORIENTED_EDGE('',*,*,#870,.F.);
#1115=ORIENTED_EDGE('',*,*,#871,.T.);
#1116=ORIENTED_EDGE('',*,*,#870,.T.);
#1117=ORIENTED_EDGE('',*,*,#872,.F.);
#1118=ORIENTED_EDGE('',*,*,#873,.F.);
#1119=ORIENTED_EDGE('',*,*,#874,.T.);
#1120=ORIENTED_EDGE('',*,*,#873,.T.);
#1121=ORIENTED_EDGE('',*,*,#875,.F.);
#1122=ORIENTED_EDGE('',*,*,#876,.F.);
#1123=ORIENTED_EDGE('',*,*,#877,.T.);
#1124=ORIENTED_EDGE('',*,*,#876,.T.);
#1125=ORIENTED_EDGE('',*,*,#878,.F.);
#1126=ORIENTED_EDGE('',*,*,#820,.F.);
#1127=ORIENTED_EDGE('',*,*,#879,.F.);
#1128=ORIENTED_EDGE('',*,*,#880,.T.);
#1129=ORIENTED_EDGE('',*,*,#881,.T.);
#1130=ORIENTED_EDGE('',*,*,#880,.F.);
#1131=ORIENTED_EDGE('',*,*,#882,.F.);
#1132=ORIENTED_EDGE('',*,*,#883,.T.);
#1133=ORIENTED_EDGE('',*,*,#884,.T.);
#1134=ORIENTED_EDGE('',*,*,#883,.F.);
#1135=ORIENTED_EDGE('',*,*,#885,.F.);
#1136=ORIENTED_EDGE('',*,*,#886,.T.);
#1137=ORIENTED_EDGE('',*,*,#887,.T.);
#1138=ORIENTED_EDGE('',*,*,#886,.F.);
#1139=ORIENTED_EDGE('',*,*,#888,.F.);
#1140=ORIENTED_EDGE('',*,*,#889,.T.);
#1141=ORIENTED_EDGE('',*,*,#890,.T.);
#1142=ORIENTED_EDGE('',*,*,#889,.F.);
#1143=ORIENTED_EDGE('',*,*,#891,.F.);
#1144=ORIENTED_EDGE('',*,*,#892,.T.);
#1145=ORIENTED_EDGE('',*,*,#893,.T.);
#1146=ORIENTED_EDGE('',*,*,#892,.F.);
#1147=ORIENTED_EDGE('',*,*,#894,.F.);
#1148=ORIENTED_EDGE('',*,*,#895,.T.);
#1149=ORIENTED_EDGE('',*,*,#896,.T.);
#1150=ORIENTED_EDGE('',*,*,#895,.F.);
#1151=ORIENTED_EDGE('',*,*,#897,.F.);
#1152=ORIENTED_EDGE('',*,*,#898,.T.);
#1153=ORIENTED_EDGE('',*,*,#899,.T.);
#1154=ORIENTED_EDGE('',*,*,#898,.F.);
#1155=ORIENTED_EDGE('',*,*,#900,.F.);
#1156=ORIENTED_EDGE('',*,*,#901,.T.);
#1157=ORIENTED_EDGE('',*,*,#902,.T.);
#1158=ORIENTED_EDGE('',*,*,#901,.F.);
#1159=ORIENTED_EDGE('',*,*,#903,.F.);
#1160=ORIENTED_EDGE('',*,*,#904,.T.);
#1161=ORIENTED_EDGE('',*,*,#905,.T.);
#1162=ORIENTED_EDGE('',*,*,#904,.F.);
#1163=ORIENTED_EDGE('',*,*,#906,.F.);
#1164=ORIENTED_EDGE('',*,*,#907,.T.);
#1165=ORIENTED_EDGE('',*,*,#908,.T.);
#1166=ORIENTED_EDGE('',*,*,#907,.F.);
#1167=ORIENTED_EDGE('',*,*,#909,.F.);
#1168=ORIENTED_EDGE('',*,*,#910,.T.);
#1169=ORIENTED_EDGE('',*,*,#911,.T.);
#1170=ORIENTED_EDGE('',*,*,#910,.F.);
#1171=ORIENTED_EDGE('',*,*,#912,.F.);
#1172=ORIENTED_EDGE('',*,*,#913,.T.);
#1173=ORIENTED_EDGE('',*,*,#914,.T.);
#1174=ORIENTED_EDGE('',*,*,#913,.F.);
#1175=ORIENTED_EDGE('',*,*,#915,.F.);
#1176=ORIENTED_EDGE('',*,*,#916,.T.);
#1177=ORIENTED_EDGE('',*,*,#917,.T.);
#1178=ORIENTED_EDGE('',*,*,#916,.F.);
#1179=ORIENTED_EDGE('',*,*,#918,.F.);
#1180=ORIENTED_EDGE('',*,*,#919,.T.);
#1181=ORIENTED_EDGE('',*,*,#920,.T.);
#1182=ORIENTED_EDGE('',*,*,#919,.F.);
#1183=ORIENTED_EDGE('',*,*,#921,.F.);
#1184=ORIENTED_EDGE('',*,*,#922,.T.);
#1185=ORIENTED_EDGE('',*,*,#923,.T.);
#1186=ORIENTED_EDGE('',*,*,#922,.F.);
#1187=ORIENTED_EDGE('',*,*,#924,.F.);
#1188=ORIENTED_EDGE('',*,*,#925,.T.);
#1189=ORIENTED_EDGE('',*,*,#926,.T.);
#1190=ORIENTED_EDGE('',*,*,#925,.F.);
#1191=ORIENTED_EDGE('',*,*,#927,.F.);
#1192=ORIENTED_EDGE('',*,*,#928,.T.);
#1193=ORIENTED_EDGE('',*,*,#929,.T.);
#1194=ORIENTED_EDGE('',*,*,#928,.F.);
#1195=ORIENTED_EDGE('',*,*,#930,.F.);
#1196=ORIENTED_EDGE('',*,*,#931,.T.);
#1197=ORIENTED_EDGE('',*,*,#932,.T.);
#1198=ORIENTED_EDGE('',*,*,#931,.F.);
#1199=ORIENTED_EDGE('',*,*,#933,.F.);
#1200=ORIENTED_EDGE('',*,*,#934,.T.);
#1201=ORIENTED_EDGE('',*,*,#935,.T.);
#1202=ORIENTED_EDGE('',*,*,#934,.F.);
#1203=ORIENTED_EDGE('',*,*,#936,.F.);
#1204=ORIENTED_EDGE('',*,*,#937,.T.);
#1205=ORIENTED_EDGE('',*,*,#938,.T.);
#1206=ORIENTED_EDGE('',*,*,#937,.F.);
#1207=ORIENTED_EDGE('',*,*,#939,.F.);
#1208=ORIENTED_EDGE('',*,*,#940,.T.);
#1209=ORIENTED_EDGE('',*,*,#941,.F.);
#1210=ORIENTED_EDGE('',*,*,#942,.F.);
#1211=ORIENTED_EDGE('',*,*,#943,.F.);
#1212=ORIENTED_EDGE('',*,*,#942,.T.);
#1213=ORIENTED_EDGE('',*,*,#944,.F.);
#1214=ORIENTED_EDGE('',*,*,#945,.F.);
#1215=ORIENTED_EDGE('',*,*,#946,.T.);
#1216=ORIENTED_EDGE('',*,*,#945,.T.);
#1217=ORIENTED_EDGE('',*,*,#947,.F.);
#1218=ORIENTED_EDGE('',*,*,#948,.F.);
#1219=ORIENTED_EDGE('',*,*,#949,.F.);
#1220=ORIENTED_EDGE('',*,*,#948,.T.);
#1221=ORIENTED_EDGE('',*,*,#950,.F.);
#1222=ORIENTED_EDGE('',*,*,#951,.F.);
#1223=ORIENTED_EDGE('',*,*,#952,.T.);
#1224=ORIENTED_EDGE('',*,*,#951,.T.);
#1225=ORIENTED_EDGE('',*,*,#953,.F.);
#1226=ORIENTED_EDGE('',*,*,#954,.F.);
#1227=ORIENTED_EDGE('',*,*,#955,.F.);
#1228=ORIENTED_EDGE('',*,*,#954,.T.);
#1229=ORIENTED_EDGE('',*,*,#956,.F.);
#1230=ORIENTED_EDGE('',*,*,#957,.F.);
#1231=ORIENTED_EDGE('',*,*,#958,.F.);
#1232=ORIENTED_EDGE('',*,*,#957,.T.);
#1233=ORIENTED_EDGE('',*,*,#959,.F.);
#1234=ORIENTED_EDGE('',*,*,#960,.F.);
#1235=ORIENTED_EDGE('',*,*,#961,.T.);
#1236=ORIENTED_EDGE('',*,*,#960,.T.);
#1237=ORIENTED_EDGE('',*,*,#962,.F.);
#1238=ORIENTED_EDGE('',*,*,#963,.F.);
#1239=ORIENTED_EDGE('',*,*,#964,.T.);
#1240=ORIENTED_EDGE('',*,*,#963,.T.);
#1241=ORIENTED_EDGE('',*,*,#965,.F.);
#1242=ORIENTED_EDGE('',*,*,#966,.F.);
#1243=ORIENTED_EDGE('',*,*,#967,.F.);
#1244=ORIENTED_EDGE('',*,*,#966,.T.);
#1245=ORIENTED_EDGE('',*,*,#968,.F.);
#1246=ORIENTED_EDGE('',*,*,#969,.F.);
#1247=ORIENTED_EDGE('',*,*,#970,.T.);
#1248=ORIENTED_EDGE('',*,*,#969,.T.);
#1249=ORIENTED_EDGE('',*,*,#971,.F.);
#1250=ORIENTED_EDGE('',*,*,#972,.F.);
#1251=ORIENTED_EDGE('',*,*,#973,.F.);
#1252=ORIENTED_EDGE('',*,*,#972,.T.);
#1253=ORIENTED_EDGE('',*,*,#974,.F.);
#1254=ORIENTED_EDGE('',*,*,#975,.F.);
#1255=ORIENTED_EDGE('',*,*,#976,.T.);
#1256=ORIENTED_EDGE('',*,*,#975,.T.);
#1257=ORIENTED_EDGE('',*,*,#977,.F.);
#1258=ORIENTED_EDGE('',*,*,#978,.F.);
#1259=ORIENTED_EDGE('',*,*,#979,.F.);
#1260=ORIENTED_EDGE('',*,*,#978,.T.);
#1261=ORIENTED_EDGE('',*,*,#980,.F.);
#1262=ORIENTED_EDGE('',*,*,#981,.F.);
#1263=ORIENTED_EDGE('',*,*,#982,.T.);
#1264=ORIENTED_EDGE('',*,*,#981,.T.);
#1265=ORIENTED_EDGE('',*,*,#983,.F.);
#1266=ORIENTED_EDGE('',*,*,#984,.F.);
#1267=ORIENTED_EDGE('',*,*,#985,.T.);
#1268=ORIENTED_EDGE('',*,*,#984,.T.);
#1269=ORIENTED_EDGE('',*,*,#986,.F.);
#1270=ORIENTED_EDGE('',*,*,#987,.F.);
#1271=ORIENTED_EDGE('',*,*,#988,.T.);
#1272=ORIENTED_EDGE('',*,*,#987,.T.);
#1273=ORIENTED_EDGE('',*,*,#989,.F.);
#1274=ORIENTED_EDGE('',*,*,#990,.F.);
#1275=ORIENTED_EDGE('',*,*,#991,.T.);
#1276=ORIENTED_EDGE('',*,*,#990,.T.);
#1277=ORIENTED_EDGE('',*,*,#992,.F.);
#1278=ORIENTED_EDGE('',*,*,#993,.F.);
#1279=ORIENTED_EDGE('',*,*,#994,.F.);
#1280=ORIENTED_EDGE('',*,*,#993,.T.);
#1281=ORIENTED_EDGE('',*,*,#995,.F.);
#1282=ORIENTED_EDGE('',*,*,#996,.F.);
#1283=ORIENTED_EDGE('',*,*,#997,.F.);
#1284=ORIENTED_EDGE('',*,*,#996,.T.);
#1285=ORIENTED_EDGE('',*,*,#998,.F.);
#1286=ORIENTED_EDGE('',*,*,#999,.F.);
#1287=ORIENTED_EDGE('',*,*,#1000,.T.);
#1288=ORIENTED_EDGE('',*,*,#999,.T.);
#1289=ORIENTED_EDGE('',*,*,#1001,.F.);
#1290=ORIENTED_EDGE('',*,*,#1002,.F.);
#1291=ORIENTED_EDGE('',*,*,#1003,.F.);
#1292=ORIENTED_EDGE('',*,*,#1002,.T.);
#1293=ORIENTED_EDGE('',*,*,#1004,.F.);
#1294=ORIENTED_EDGE('',*,*,#1005,.F.);
#1295=ORIENTED_EDGE('',*,*,#1006,.T.);
#1296=ORIENTED_EDGE('',*,*,#1005,.T.);
#1297=ORIENTED_EDGE('',*,*,#1007,.F.);
#1298=ORIENTED_EDGE('',*,*,#1008,.F.);
#1299=ORIENTED_EDGE('',*,*,#1009,.F.);
#1300=ORIENTED_EDGE('',*,*,#1008,.T.);
#1301=ORIENTED_EDGE('',*,*,#1010,.F.);
#1302=ORIENTED_EDGE('',*,*,#1011,.F.);
#1303=ORIENTED_EDGE('',*,*,#1012,.F.);
#1304=ORIENTED_EDGE('',*,*,#1011,.T.);
#1305=ORIENTED_EDGE('',*,*,#1013,.F.);
#1306=ORIENTED_EDGE('',*,*,#1014,.F.);
#1307=ORIENTED_EDGE('',*,*,#1015,.T.);
#1308=ORIENTED_EDGE('',*,*,#1014,.T.);
#1309=ORIENTED_EDGE('',*,*,#1016,.F.);
#1310=ORIENTED_EDGE('',*,*,#1017,.F.);
#1311=ORIENTED_EDGE('',*,*,#1018,.T.);
#1312=ORIENTED_EDGE('',*,*,#1017,.T.);
#1313=ORIENTED_EDGE('',*,*,#1019,.F.);
#1314=ORIENTED_EDGE('',*,*,#1020,.F.);
#1315=ORIENTED_EDGE('',*,*,#1021,.F.);
#1316=ORIENTED_EDGE('',*,*,#1020,.T.);
#1317=ORIENTED_EDGE('',*,*,#1022,.F.);
#1318=ORIENTED_EDGE('',*,*,#1023,.F.);
#1319=ORIENTED_EDGE('',*,*,#1024,.T.);
#1320=ORIENTED_EDGE('',*,*,#1023,.T.);
#1321=ORIENTED_EDGE('',*,*,#1025,.F.);
#1322=ORIENTED_EDGE('',*,*,#1026,.F.);
#1323=ORIENTED_EDGE('',*,*,#1027,.F.);
#1324=ORIENTED_EDGE('',*,*,#1026,.T.);
#1325=ORIENTED_EDGE('',*,*,#1028,.F.);
#1326=ORIENTED_EDGE('',*,*,#1029,.F.);
#1327=ORIENTED_EDGE('',*,*,#1030,.T.);
#1328=ORIENTED_EDGE('',*,*,#1029,.T.);
#1329=ORIENTED_EDGE('',*,*,#1031,.F.);
#1330=ORIENTED_EDGE('',*,*,#1032,.F.);
#1331=ORIENTED_EDGE('',*,*,#1033,.F.);
#1332=ORIENTED_EDGE('',*,*,#1032,.T.);
#1333=ORIENTED_EDGE('',*,*,#1034,.F.);
#1334=ORIENTED_EDGE('',*,*,#1035,.F.);
#1335=ORIENTED_EDGE('',*,*,#1036,.T.);
#1336=ORIENTED_EDGE('',*,*,#1035,.T.);
#1337=ORIENTED_EDGE('',*,*,#1037,.F.);
#1338=ORIENTED_EDGE('',*,*,#1038,.F.);
#1339=ORIENTED_EDGE('',*,*,#1039,.T.);
#1340=ORIENTED_EDGE('',*,*,#1038,.T.);
#1341=ORIENTED_EDGE('',*,*,#1040,.F.);
#1342=ORIENTED_EDGE('',*,*,#1041,.F.);
#1343=ORIENTED_EDGE('',*,*,#1042,.T.);
#1344=ORIENTED_EDGE('',*,*,#1041,.T.);
#1345=ORIENTED_EDGE('',*,*,#1043,.F.);
#1346=ORIENTED_EDGE('',*,*,#1044,.F.);
#1347=ORIENTED_EDGE('',*,*,#1045,.T.);
#1348=ORIENTED_EDGE('',*,*,#1044,.T.);
#1349=ORIENTED_EDGE('',*,*,#1046,.F.);
#1350=ORIENTED_EDGE('',*,*,#940,.F.);
#1351=ORIENTED_EDGE('',*,*,#1046,.T.);
#1352=ORIENTED_EDGE('',*,*,#1043,.T.);
#1353=ORIENTED_EDGE('',*,*,#1040,.T.);
#1354=ORIENTED_EDGE('',*,*,#1037,.T.);
#1355=ORIENTED_EDGE('',*,*,#1034,.T.);
#1356=ORIENTED_EDGE('',*,*,#1031,.T.);
#1357=ORIENTED_EDGE('',*,*,#1028,.T.);
#1358=ORIENTED_EDGE('',*,*,#1025,.T.);
#1359=ORIENTED_EDGE('',*,*,#1022,.T.);
#1360=ORIENTED_EDGE('',*,*,#1019,.T.);
#1361=ORIENTED_EDGE('',*,*,#1016,.T.);
#1362=ORIENTED_EDGE('',*,*,#1013,.T.);
#1363=ORIENTED_EDGE('',*,*,#1010,.T.);
#1364=ORIENTED_EDGE('',*,*,#1007,.T.);
#1365=ORIENTED_EDGE('',*,*,#1004,.T.);
#1366=ORIENTED_EDGE('',*,*,#1001,.T.);
#1367=ORIENTED_EDGE('',*,*,#998,.T.);
#1368=ORIENTED_EDGE('',*,*,#995,.T.);
#1369=ORIENTED_EDGE('',*,*,#992,.T.);
#1370=ORIENTED_EDGE('',*,*,#989,.T.);
#1371=ORIENTED_EDGE('',*,*,#986,.T.);
#1372=ORIENTED_EDGE('',*,*,#983,.T.);
#1373=ORIENTED_EDGE('',*,*,#980,.T.);
#1374=ORIENTED_EDGE('',*,*,#977,.T.);
#1375=ORIENTED_EDGE('',*,*,#974,.T.);
#1376=ORIENTED_EDGE('',*,*,#971,.T.);
#1377=ORIENTED_EDGE('',*,*,#968,.T.);
#1378=ORIENTED_EDGE('',*,*,#965,.T.);
#1379=ORIENTED_EDGE('',*,*,#962,.T.);
#1380=ORIENTED_EDGE('',*,*,#959,.T.);
#1381=ORIENTED_EDGE('',*,*,#956,.T.);
#1382=ORIENTED_EDGE('',*,*,#953,.T.);
#1383=ORIENTED_EDGE('',*,*,#950,.T.);
#1384=ORIENTED_EDGE('',*,*,#947,.T.);
#1385=ORIENTED_EDGE('',*,*,#944,.T.);
#1386=ORIENTED_EDGE('',*,*,#941,.T.);
#1387=ORIENTED_EDGE('',*,*,#936,.T.);
#1388=ORIENTED_EDGE('',*,*,#933,.T.);
#1389=ORIENTED_EDGE('',*,*,#930,.T.);
#1390=ORIENTED_EDGE('',*,*,#927,.T.);
#1391=ORIENTED_EDGE('',*,*,#924,.T.);
#1392=ORIENTED_EDGE('',*,*,#921,.T.);
#1393=ORIENTED_EDGE('',*,*,#918,.T.);
#1394=ORIENTED_EDGE('',*,*,#915,.T.);
#1395=ORIENTED_EDGE('',*,*,#912,.T.);
#1396=ORIENTED_EDGE('',*,*,#909,.T.);
#1397=ORIENTED_EDGE('',*,*,#906,.T.);
#1398=ORIENTED_EDGE('',*,*,#903,.T.);
#1399=ORIENTED_EDGE('',*,*,#900,.T.);
#1400=ORIENTED_EDGE('',*,*,#897,.T.);
#1401=ORIENTED_EDGE('',*,*,#894,.T.);
#1402=ORIENTED_EDGE('',*,*,#891,.T.);
#1403=ORIENTED_EDGE('',*,*,#888,.T.);
#1404=ORIENTED_EDGE('',*,*,#885,.T.);
#1405=ORIENTED_EDGE('',*,*,#882,.T.);
#1406=ORIENTED_EDGE('',*,*,#879,.T.);
#1407=ORIENTED_EDGE('',*,*,#878,.T.);
#1408=ORIENTED_EDGE('',*,*,#875,.T.);
#1409=ORIENTED_EDGE('',*,*,#872,.T.);
#1410=ORIENTED_EDGE('',*,*,#869,.T.);
#1411=ORIENTED_EDGE('',*,*,#866,.T.);
#1412=ORIENTED_EDGE('',*,*,#863,.T.);
#1413=ORIENTED_EDGE('',*,*,#860,.T.);
#1414=ORIENTED_EDGE('',*,*,#857,.T.);
#1415=ORIENTED_EDGE('',*,*,#854,.T.);
#1416=ORIENTED_EDGE('',*,*,#851,.T.);
#1417=ORIENTED_EDGE('',*,*,#848,.T.);
#1418=ORIENTED_EDGE('',*,*,#845,.T.);
#1419=ORIENTED_EDGE('',*,*,#842,.T.);
#1420=ORIENTED_EDGE('',*,*,#839,.T.);
#1421=ORIENTED_EDGE('',*,*,#836,.T.);
#1422=ORIENTED_EDGE('',*,*,#833,.T.);
#1423=ORIENTED_EDGE('',*,*,#830,.T.);
#1424=ORIENTED_EDGE('',*,*,#827,.T.);
#1425=ORIENTED_EDGE('',*,*,#824,.T.);
#1426=ORIENTED_EDGE('',*,*,#821,.T.);
#1427=ORIENTED_EDGE('',*,*,#1045,.F.);
#1428=ORIENTED_EDGE('',*,*,#939,.T.);
#1429=ORIENTED_EDGE('',*,*,#943,.T.);
#1430=ORIENTED_EDGE('',*,*,#946,.F.);
#1431=ORIENTED_EDGE('',*,*,#949,.T.);
#1432=ORIENTED_EDGE('',*,*,#952,.F.);
#1433=ORIENTED_EDGE('',*,*,#955,.T.);
#1434=ORIENTED_EDGE('',*,*,#958,.T.);
#1435=ORIENTED_EDGE('',*,*,#961,.F.);
#1436=ORIENTED_EDGE('',*,*,#964,.F.);
#1437=ORIENTED_EDGE('',*,*,#967,.T.);
#1438=ORIENTED_EDGE('',*,*,#970,.F.);
#1439=ORIENTED_EDGE('',*,*,#973,.T.);
#1440=ORIENTED_EDGE('',*,*,#976,.F.);
#1441=ORIENTED_EDGE('',*,*,#979,.T.);
#1442=ORIENTED_EDGE('',*,*,#982,.F.);
#1443=ORIENTED_EDGE('',*,*,#985,.F.);
#1444=ORIENTED_EDGE('',*,*,#988,.F.);
#1445=ORIENTED_EDGE('',*,*,#991,.F.);
#1446=ORIENTED_EDGE('',*,*,#994,.T.);
#1447=ORIENTED_EDGE('',*,*,#997,.T.);
#1448=ORIENTED_EDGE('',*,*,#1000,.F.);
#1449=ORIENTED_EDGE('',*,*,#1003,.T.);
#1450=ORIENTED_EDGE('',*,*,#1006,.F.);
#1451=ORIENTED_EDGE('',*,*,#1009,.T.);
#1452=ORIENTED_EDGE('',*,*,#1012,.T.);
#1453=ORIENTED_EDGE('',*,*,#1015,.F.);
#1454=ORIENTED_EDGE('',*,*,#1018,.F.);
#1455=ORIENTED_EDGE('',*,*,#1021,.T.);
#1456=ORIENTED_EDGE('',*,*,#1024,.F.);
#1457=ORIENTED_EDGE('',*,*,#1027,.T.);
#1458=ORIENTED_EDGE('',*,*,#1030,.F.);
#1459=ORIENTED_EDGE('',*,*,#1033,.T.);
#1460=ORIENTED_EDGE('',*,*,#1036,.F.);
#1461=ORIENTED_EDGE('',*,*,#1039,.F.);
#1462=ORIENTED_EDGE('',*,*,#1042,.F.);
#1463=ORIENTED_EDGE('',*,*,#938,.F.);
#1464=ORIENTED_EDGE('',*,*,#935,.F.);
#1465=ORIENTED_EDGE('',*,*,#932,.F.);
#1466=ORIENTED_EDGE('',*,*,#929,.F.);
#1467=ORIENTED_EDGE('',*,*,#926,.F.);
#1468=ORIENTED_EDGE('',*,*,#923,.F.);
#1469=ORIENTED_EDGE('',*,*,#920,.F.);
#1470=ORIENTED_EDGE('',*,*,#917,.F.);
#1471=ORIENTED_EDGE('',*,*,#914,.F.);
#1472=ORIENTED_EDGE('',*,*,#911,.F.);
#1473=ORIENTED_EDGE('',*,*,#908,.F.);
#1474=ORIENTED_EDGE('',*,*,#905,.F.);
#1475=ORIENTED_EDGE('',*,*,#902,.F.);
#1476=ORIENTED_EDGE('',*,*,#899,.F.);
#1477=ORIENTED_EDGE('',*,*,#896,.F.);
#1478=ORIENTED_EDGE('',*,*,#893,.F.);
#1479=ORIENTED_EDGE('',*,*,#890,.F.);
#1480=ORIENTED_EDGE('',*,*,#887,.F.);
#1481=ORIENTED_EDGE('',*,*,#884,.F.);
#1482=ORIENTED_EDGE('',*,*,#881,.F.);
#1483=ORIENTED_EDGE('',*,*,#877,.F.);
#1484=ORIENTED_EDGE('',*,*,#819,.F.);
#1485=ORIENTED_EDGE('',*,*,#823,.F.);
#1486=ORIENTED_EDGE('',*,*,#826,.F.);
#1487=ORIENTED_EDGE('',*,*,#829,.F.);
#1488=ORIENTED_EDGE('',*,*,#832,.F.);
#1489=ORIENTED_EDGE('',*,*,#835,.F.);
#1490=ORIENTED_EDGE('',*,*,#838,.F.);
#1491=ORIENTED_EDGE('',*,*,#841,.F.);
#1492=ORIENTED_EDGE('',*,*,#844,.F.);
#1493=ORIENTED_EDGE('',*,*,#847,.F.);
#1494=ORIENTED_EDGE('',*,*,#850,.F.);
#1495=ORIENTED_EDGE('',*,*,#853,.F.);
#1496=ORIENTED_EDGE('',*,*,#856,.F.);
#1497=ORIENTED_EDGE('',*,*,#859,.F.);
#1498=ORIENTED_EDGE('',*,*,#862,.F.);
#1499=ORIENTED_EDGE('',*,*,#865,.F.);
#1500=ORIENTED_EDGE('',*,*,#868,.F.);
#1501=ORIENTED_EDGE('',*,*,#871,.F.);
#1502=ORIENTED_EDGE('',*,*,#874,.F.);
#1503=PLANE('',#1629);
#1504=PLANE('',#1633);
#1505=PLANE('',#1634);
#1506=PLANE('',#1638);
#1507=PLANE('',#1639);
#1508=PLANE('',#1643);
#1509=PLANE('',#1647);
#1510=PLANE('',#1651);
#1511=PLANE('',#1652);
#1512=PLANE('',#1656);
#1513=PLANE('',#1657);
#1514=PLANE('',#1661);
#1515=PLANE('',#1725);
#1516=PLANE('',#1726);
#1517=PLANE('',#1730);
#1518=PLANE('',#1734);
#1519=PLANE('',#1735);
#1520=PLANE('',#1739);
#1521=PLANE('',#1740);
#1522=PLANE('',#1744);
#1523=PLANE('',#1748);
#1524=PLANE('',#1749);
#1525=PLANE('',#1759);
#1526=PLANE('',#1760);
#1527=PLANE('',#1764);
#1528=PLANE('',#1768);
#1529=PLANE('',#1769);
#1530=PLANE('',#1773);
#1531=PLANE('',#1774);
#1532=PLANE('',#1778);
#1533=PLANE('',#1782);
#1534=PLANE('',#1783);
#1535=PLANE('',#1793);
#1536=PLANE('',#1794);
#1537=ADVANCED_FACE('',(#189),#1503,.T.);
#1538=ADVANCED_FACE('',(#190),#145,.F.);
#1539=ADVANCED_FACE('',(#191),#1504,.T.);
#1540=ADVANCED_FACE('',(#192),#1505,.T.);
#1541=ADVANCED_FACE('',(#193),#146,.F.);
#1542=ADVANCED_FACE('',(#194),#1506,.T.);
#1543=ADVANCED_FACE('',(#195),#1507,.T.);
#1544=ADVANCED_FACE('',(#196),#147,.F.);
#1545=ADVANCED_FACE('',(#197),#1508,.T.);
#1546=ADVANCED_FACE('',(#198),#148,.F.);
#1547=ADVANCED_FACE('',(#199),#1509,.T.);
#1548=ADVANCED_FACE('',(#200),#149,.F.);
#1549=ADVANCED_FACE('',(#201),#1510,.T.);
#1550=ADVANCED_FACE('',(#202),#1511,.T.);
#1551=ADVANCED_FACE('',(#203),#150,.F.);
#1552=ADVANCED_FACE('',(#204),#1512,.T.);
#1553=ADVANCED_FACE('',(#205),#1513,.T.);
#1554=ADVANCED_FACE('',(#206),#151,.F.);
#1555=ADVANCED_FACE('',(#207),#1514,.T.);
#1556=ADVANCED_FACE('',(#208),#152,.F.);
#1557=ADVANCED_FACE('',(#209),#153,.F.);
#1558=ADVANCED_FACE('',(#210),#154,.F.);
#1559=ADVANCED_FACE('',(#211),#155,.F.);
#1560=ADVANCED_FACE('',(#212),#156,.F.);
#1561=ADVANCED_FACE('',(#213),#157,.F.);
#1562=ADVANCED_FACE('',(#214),#158,.F.);
#1563=ADVANCED_FACE('',(#215),#159,.F.);
#1564=ADVANCED_FACE('',(#216),#160,.F.);
#1565=ADVANCED_FACE('',(#217),#161,.F.);
#1566=ADVANCED_FACE('',(#218),#162,.F.);
#1567=ADVANCED_FACE('',(#219),#163,.F.);
#1568=ADVANCED_FACE('',(#220),#164,.F.);
#1569=ADVANCED_FACE('',(#221),#165,.F.);
#1570=ADVANCED_FACE('',(#222),#166,.F.);
#1571=ADVANCED_FACE('',(#223),#167,.F.);
#1572=ADVANCED_FACE('',(#224),#168,.F.);
#1573=ADVANCED_FACE('',(#225),#169,.F.);
#1574=ADVANCED_FACE('',(#226),#170,.F.);
#1575=ADVANCED_FACE('',(#227),#171,.F.);
#1576=ADVANCED_FACE('',(#228),#172,.F.);
#1577=ADVANCED_FACE('',(#229),#1515,.T.);
#1578=ADVANCED_FACE('',(#230),#1516,.T.);
#1579=ADVANCED_FACE('',(#231),#173,.T.);
#1580=ADVANCED_FACE('',(#232),#1517,.T.);
#1581=ADVANCED_FACE('',(#233),#174,.T.);
#1582=ADVANCED_FACE('',(#234),#1518,.T.);
#1583=ADVANCED_FACE('',(#235),#1519,.T.);
#1584=ADVANCED_FACE('',(#236),#175,.T.);
#1585=ADVANCED_FACE('',(#237),#1520,.T.);
#1586=ADVANCED_FACE('',(#238),#1521,.T.);
#1587=ADVANCED_FACE('',(#239),#176,.T.);
#1588=ADVANCED_FACE('',(#240),#1522,.T.);
#1589=ADVANCED_FACE('',(#241),#177,.T.);
#1590=ADVANCED_FACE('',(#242),#1523,.T.);
#1591=ADVANCED_FACE('',(#243),#1524,.T.);
#1592=ADVANCED_FACE('',(#244),#178,.T.);
#1593=ADVANCED_FACE('',(#245),#179,.T.);
#1594=ADVANCED_FACE('',(#246),#180,.T.);
#1595=ADVANCED_FACE('',(#247),#1525,.T.);
#1596=ADVANCED_FACE('',(#248),#1526,.T.);
#1597=ADVANCED_FACE('',(#249),#181,.T.);
#1598=ADVANCED_FACE('',(#250),#1527,.T.);
#1599=ADVANCED_FACE('',(#251),#182,.T.);
#1600=ADVANCED_FACE('',(#252),#1528,.T.);
#1601=ADVANCED_FACE('',(#253),#1529,.T.);
#1602=ADVANCED_FACE('',(#254),#183,.T.);
#1603=ADVANCED_FACE('',(#255),#1530,.T.);
#1604=ADVANCED_FACE('',(#256),#1531,.T.);
#1605=ADVANCED_FACE('',(#257),#184,.T.);
#1606=ADVANCED_FACE('',(#258),#1532,.T.);
#1607=ADVANCED_FACE('',(#259),#185,.T.);
#1608=ADVANCED_FACE('',(#260),#1533,.T.);
#1609=ADVANCED_FACE('',(#261),#1534,.T.);
#1610=ADVANCED_FACE('',(#262),#186,.T.);
#1611=ADVANCED_FACE('',(#263),#187,.T.);
#1612=ADVANCED_FACE('',(#264),#188,.T.);
#1613=ADVANCED_FACE('',(#265,#15,#16,#17,#18,#19,#20,#21,#22,#23,#24,#25,
#26,#27,#28,#29,#30,#31,#32,#33,#34,#35),#1535,.T.);
#1614=ADVANCED_FACE('',(#266,#36,#37,#38,#39,#40,#41,#42,#43,#44,#45,#46,
#47,#48,#49,#50,#51,#52,#53,#54,#55,#56),#1536,.F.);
#1615=CLOSED_SHELL('',(#1537,#1538,#1539,#1540,#1541,#1542,#1543,#1544,
#1545,#1546,#1547,#1548,#1549,#1550,#1551,#1552,#1553,#1554,#1555,#1556,
#1557,#1558,#1559,#1560,#1561,#1562,#1563,#1564,#1565,#1566,#1567,#1568,
#1569,#1570,#1571,#1572,#1573,#1574,#1575,#1576,#1577,#1578,#1579,#1580,
#1581,#1582,#1583,#1584,#1585,#1586,#1587,#1588,#1589,#1590,#1591,#1592,
#1593,#1594,#1595,#1596,#1597,#1598,#1599,#1600,#1601,#1602,#1603,#1604,
#1605,#1606,#1607,#1608,#1609,#1610,#1611,#1612,#1613,#1614));
#1616=DERIVED_UNIT_ELEMENT(#1618,1.);
#1617=DERIVED_UNIT_ELEMENT(#2733,-3.);
#1618=(
MASS_UNIT()
NAMED_UNIT(*)
SI_UNIT(.KILO.,.GRAM.)
);
#1619=DERIVED_UNIT((#1616,#1617));
#1620=MEASURE_REPRESENTATION_ITEM('density measure',
POSITIVE_RATIO_MEASURE(7850.),#1619);
#1621=PROPERTY_DEFINITION_REPRESENTATION(#1626,#1623);
#1622=PROPERTY_DEFINITION_REPRESENTATION(#1627,#1624);
#1623=REPRESENTATION('material name',(#1625),#2730);
#1624=REPRESENTATION('density',(#1620),#2730);
#1625=DESCRIPTIVE_REPRESENTATION_ITEM('\X2\92FC\X0\','\X2\92FC\X0\');
#1626=PROPERTY_DEFINITION('material property','material name',#2740);
#1627=PROPERTY_DEFINITION('material property','density of part',#2740);
#1628=AXIS2_PLACEMENT_3D('',#2269,#1795,#1796);
#1629=AXIS2_PLACEMENT_3D('',#2270,#1797,#1798);
#1630=AXIS2_PLACEMENT_3D('',#2279,#1803,#1804);
#1631=AXIS2_PLACEMENT_3D('',#2281,#1805,#1806);
#1632=AXIS2_PLACEMENT_3D('',#2283,#1807,#1808);
#1633=AXIS2_PLACEMENT_3D('',#2285,#1810,#1811);
#1634=AXIS2_PLACEMENT_3D('',#2291,#1815,#1816);
#1635=AXIS2_PLACEMENT_3D('',#2297,#1820,#1821);
#1636=AXIS2_PLACEMENT_3D('',#2299,#1822,#1823);
#1637=AXIS2_PLACEMENT_3D('',#2301,#1824,#1825);
#1638=AXIS2_PLACEMENT_3D('',#2303,#1827,#1828);
#1639=AXIS2_PLACEMENT_3D('',#2309,#1832,#1833);
#1640=AXIS2_PLACEMENT_3D('',#2315,#1837,#1838);
#1641=AXIS2_PLACEMENT_3D('',#2317,#1839,#1840);
#1642=AXIS2_PLACEMENT_3D('',#2319,#1841,#1842);
#1643=AXIS2_PLACEMENT_3D('',#2321,#1844,#1845);
#1644=AXIS2_PLACEMENT_3D('',#2327,#1849,#1850);
#1645=AXIS2_PLACEMENT_3D('',#2329,#1851,#1852);
#1646=AXIS2_PLACEMENT_3D('',#2331,#1853,#1854);
#1647=AXIS2_PLACEMENT_3D('',#2333,#1856,#1857);
#1648=AXIS2_PLACEMENT_3D('',#2339,#1861,#1862);
#1649=AXIS2_PLACEMENT_3D('',#2341,#1863,#1864);
#1650=AXIS2_PLACEMENT_3D('',#2343,#1865,#1866);
#1651=AXIS2_PLACEMENT_3D('',#2345,#1868,#1869);
#1652=AXIS2_PLACEMENT_3D('',#2351,#1873,#1874);
#1653=AXIS2_PLACEMENT_3D('',#2357,#1878,#1879);
#1654=AXIS2_PLACEMENT_3D('',#2359,#1880,#1881);
#1655=AXIS2_PLACEMENT_3D('',#2361,#1882,#1883);
#1656=AXIS2_PLACEMENT_3D('',#2363,#1885,#1886);
#1657=AXIS2_PLACEMENT_3D('',#2369,#1890,#1891);
#1658=AXIS2_PLACEMENT_3D('',#2375,#1895,#1896);
#1659=AXIS2_PLACEMENT_3D('',#2377,#1897,#1898);
#1660=AXIS2_PLACEMENT_3D('',#2379,#1899,#1900);
#1661=AXIS2_PLACEMENT_3D('',#2381,#1902,#1903);
#1662=AXIS2_PLACEMENT_3D('',#2387,#1907,#1908);
#1663=AXIS2_PLACEMENT_3D('',#2388,#1909,#1910);
#1664=AXIS2_PLACEMENT_3D('',#2389,#1911,#1912);
#1665=AXIS2_PLACEMENT_3D('',#2390,#1913,#1914);
#1666=AXIS2_PLACEMENT_3D('',#2392,#1915,#1916);
#1667=AXIS2_PLACEMENT_3D('',#2395,#1918,#1919);
#1668=AXIS2_PLACEMENT_3D('',#2396,#1920,#1921);
#1669=AXIS2_PLACEMENT_3D('',#2398,#1922,#1923);
#1670=AXIS2_PLACEMENT_3D('',#2401,#1925,#1926);
#1671=AXIS2_PLACEMENT_3D('',#2402,#1927,#1928);
#1672=AXIS2_PLACEMENT_3D('',#2404,#1929,#1930);
#1673=AXIS2_PLACEMENT_3D('',#2407,#1932,#1933);
#1674=AXIS2_PLACEMENT_3D('',#2408,#1934,#1935);
#1675=AXIS2_PLACEMENT_3D('',#2410,#1936,#1937);
#1676=AXIS2_PLACEMENT_3D('',#2413,#1939,#1940);
#1677=AXIS2_PLACEMENT_3D('',#2414,#1941,#1942);
#1678=AXIS2_PLACEMENT_3D('',#2416,#1943,#1944);
#1679=AXIS2_PLACEMENT_3D('',#2419,#1946,#1947);
#1680=AXIS2_PLACEMENT_3D('',#2420,#1948,#1949);
#1681=AXIS2_PLACEMENT_3D('',#2422,#1950,#1951);
#1682=AXIS2_PLACEMENT_3D('',#2425,#1953,#1954);
#1683=AXIS2_PLACEMENT_3D('',#2426,#1955,#1956);
#1684=AXIS2_PLACEMENT_3D('',#2428,#1957,#1958);
#1685=AXIS2_PLACEMENT_3D('',#2431,#1960,#1961);
#1686=AXIS2_PLACEMENT_3D('',#2432,#1962,#1963);
#1687=AXIS2_PLACEMENT_3D('',#2434,#1964,#1965);
#1688=AXIS2_PLACEMENT_3D('',#2437,#1967,#1968);
#1689=AXIS2_PLACEMENT_3D('',#2438,#1969,#1970);
#1690=AXIS2_PLACEMENT_3D('',#2440,#1971,#1972);
#1691=AXIS2_PLACEMENT_3D('',#2443,#1974,#1975);
#1692=AXIS2_PLACEMENT_3D('',#2444,#1976,#1977);
#1693=AXIS2_PLACEMENT_3D('',#2446,#1978,#1979);
#1694=AXIS2_PLACEMENT_3D('',#2449,#1981,#1982);
#1695=AXIS2_PLACEMENT_3D('',#2450,#1983,#1984);
#1696=AXIS2_PLACEMENT_3D('',#2452,#1985,#1986);
#1697=AXIS2_PLACEMENT_3D('',#2455,#1988,#1989);
#1698=AXIS2_PLACEMENT_3D('',#2456,#1990,#1991);
#1699=AXIS2_PLACEMENT_3D('',#2458,#1992,#1993);
#1700=AXIS2_PLACEMENT_3D('',#2461,#1995,#1996);
#1701=AXIS2_PLACEMENT_3D('',#2462,#1997,#1998);
#1702=AXIS2_PLACEMENT_3D('',#2464,#1999,#2000);
#1703=AXIS2_PLACEMENT_3D('',#2467,#2002,#2003);
#1704=AXIS2_PLACEMENT_3D('',#2468,#2004,#2005);
#1705=AXIS2_PLACEMENT_3D('',#2470,#2006,#2007);
#1706=AXIS2_PLACEMENT_3D('',#2473,#2009,#2010);
#1707=AXIS2_PLACEMENT_3D('',#2474,#2011,#2012);
#1708=AXIS2_PLACEMENT_3D('',#2476,#2013,#2014);
#1709=AXIS2_PLACEMENT_3D('',#2479,#2016,#2017);
#1710=AXIS2_PLACEMENT_3D('',#2480,#2018,#2019);
#1711=AXIS2_PLACEMENT_3D('',#2482,#2020,#2021);
#1712=AXIS2_PLACEMENT_3D('',#2485,#2023,#2024);
#1713=AXIS2_PLACEMENT_3D('',#2486,#2025,#2026);
#1714=AXIS2_PLACEMENT_3D('',#2488,#2027,#2028);
#1715=AXIS2_PLACEMENT_3D('',#2491,#2030,#2031);
#1716=AXIS2_PLACEMENT_3D('',#2492,#2032,#2033);
#1717=AXIS2_PLACEMENT_3D('',#2494,#2034,#2035);
#1718=AXIS2_PLACEMENT_3D('',#2497,#2037,#2038);
#1719=AXIS2_PLACEMENT_3D('',#2498,#2039,#2040);
#1720=AXIS2_PLACEMENT_3D('',#2500,#2041,#2042);
#1721=AXIS2_PLACEMENT_3D('',#2503,#2044,#2045);
#1722=AXIS2_PLACEMENT_3D('',#2504,#2046,#2047);
#1723=AXIS2_PLACEMENT_3D('',#2506,#2048,#2049);
#1724=AXIS2_PLACEMENT_3D('',#2509,#2051,#2052);
#1725=AXIS2_PLACEMENT_3D('',#2510,#2053,#2054);
#1726=AXIS2_PLACEMENT_3D('',#2519,#2059,#2060);
#1727=AXIS2_PLACEMENT_3D('',#2525,#2064,#2065);
#1728=AXIS2_PLACEMENT_3D('',#2527,#2066,#2067);
#1729=AXIS2_PLACEMENT_3D('',#2529,#2068,#2069);
#1730=AXIS2_PLACEMENT_3D('',#2531,#2071,#2072);
#1731=AXIS2_PLACEMENT_3D('',#2537,#2076,#2077);
#1732=AXIS2_PLACEMENT_3D('',#2539,#2078,#2079);
#1733=AXIS2_PLACEMENT_3D('',#2541,#2080,#2081);
#1734=AXIS2_PLACEMENT_3D('',#2543,#2083,#2084);
#1735=AXIS2_PLACEMENT_3D('',#2549,#2088,#2089);
#1736=AXIS2_PLACEMENT_3D('',#2555,#2093,#2094);
#1737=AXIS2_PLACEMENT_3D('',#2557,#2095,#2096);
#1738=AXIS2_PLACEMENT_3D('',#2559,#2097,#2098);
#1739=AXIS2_PLACEMENT_3D('',#2561,#2100,#2101);
#1740=AXIS2_PLACEMENT_3D('',#2567,#2105,#2106);
#1741=AXIS2_PLACEMENT_3D('',#2573,#2110,#2111);
#1742=AXIS2_PLACEMENT_3D('',#2575,#2112,#2113);
#1743=AXIS2_PLACEMENT_3D('',#2577,#2114,#2115);
#1744=AXIS2_PLACEMENT_3D('',#2579,#2117,#2118);
#1745=AXIS2_PLACEMENT_3D('',#2585,#2122,#2123);
#1746=AXIS2_PLACEMENT_3D('',#2587,#2124,#2125);
#1747=AXIS2_PLACEMENT_3D('',#2589,#2126,#2127);
#1748=AXIS2_PLACEMENT_3D('',#2591,#2129,#2130);
#1749=AXIS2_PLACEMENT_3D('',#2597,#2134,#2135);
#1750=AXIS2_PLACEMENT_3D('',#2603,#2139,#2140);
#1751=AXIS2_PLACEMENT_3D('',#2605,#2141,#2142);
#1752=AXIS2_PLACEMENT_3D('',#2607,#2143,#2144);
#1753=AXIS2_PLACEMENT_3D('',#2609,#2146,#2147);
#1754=AXIS2_PLACEMENT_3D('',#2611,#2148,#2149);
#1755=AXIS2_PLACEMENT_3D('',#2613,#2150,#2151);
#1756=AXIS2_PLACEMENT_3D('',#2615,#2153,#2154);
#1757=AXIS2_PLACEMENT_3D('',#2617,#2155,#2156);
#1758=AXIS2_PLACEMENT_3D('',#2619,#2157,#2158);
#1759=AXIS2_PLACEMENT_3D('',#2621,#2160,#2161);
#1760=AXIS2_PLACEMENT_3D('',#2627,#2165,#2166);
#1761=AXIS2_PLACEMENT_3D('',#2633,#2170,#2171);
#1762=AXIS2_PLACEMENT_3D('',#2635,#2172,#2173);
#1763=AXIS2_PLACEMENT_3D('',#2637,#2174,#2175);
#1764=AXIS2_PLACEMENT_3D('',#2639,#2177,#2178);
#1765=AXIS2_PLACEMENT_3D('',#2645,#2182,#2183);
#1766=AXIS2_PLACEMENT_3D('',#2647,#2184,#2185);
#1767=AXIS2_PLACEMENT_3D('',#2649,#2186,#2187);
#1768=AXIS2_PLACEMENT_3D('',#2651,#2189,#2190);
#1769=AXIS2_PLACEMENT_3D('',#2657,#2194,#2195);
#1770=AXIS2_PLACEMENT_3D('',#2663,#2199,#2200);
#1771=AXIS2_PLACEMENT_3D('',#2665,#2201,#2202);
#1772=AXIS2_PLACEMENT_3D('',#2667,#2203,#2204);
#1773=AXIS2_PLACEMENT_3D('',#2669,#2206,#2207);
#1774=AXIS2_PLACEMENT_3D('',#2675,#2211,#2212);
#1775=AXIS2_PLACEMENT_3D('',#2681,#2216,#2217);
#1776=AXIS2_PLACEMENT_3D('',#2683,#2218,#2219);
#1777=AXIS2_PLACEMENT_3D('',#2685,#2220,#2221);
#1778=AXIS2_PLACEMENT_3D('',#2687,#2223,#2224);
#1779=AXIS2_PLACEMENT_3D('',#2693,#2228,#2229);
#1780=AXIS2_PLACEMENT_3D('',#2695,#2230,#2231);
#1781=AXIS2_PLACEMENT_3D('',#2697,#2232,#2233);
#1782=AXIS2_PLACEMENT_3D('',#2699,#2235,#2236);
#1783=AXIS2_PLACEMENT_3D('',#2705,#2240,#2241);
#1784=AXIS2_PLACEMENT_3D('',#2711,#2245,#2246);
#1785=AXIS2_PLACEMENT_3D('',#2713,#2247,#2248);
#1786=AXIS2_PLACEMENT_3D('',#2715,#2249,#2250);
#1787=AXIS2_PLACEMENT_3D('',#2717,#2252,#2253);
#1788=AXIS2_PLACEMENT_3D('',#2719,#2254,#2255);
#1789=AXIS2_PLACEMENT_3D('',#2721,#2256,#2257);
#1790=AXIS2_PLACEMENT_3D('',#2723,#2259,#2260);
#1791=AXIS2_PLACEMENT_3D('',#2724,#2261,#2262);
#1792=AXIS2_PLACEMENT_3D('',#2725,#2263,#2264);
#1793=AXIS2_PLACEMENT_3D('',#2726,#2265,#2266);
#1794=AXIS2_PLACEMENT_3D('',#2727,#2267,#2268);
#1795=DIRECTION('axis',(0.,0.,1.));
#1796=DIRECTION('refdir',(1.,0.,0.));
#1797=DIRECTION('center_axis',(-0.240228042477253,-0.970716481578194,0.));
#1798=DIRECTION('ref_axis',(0.970716481578193,-0.240228042477253,0.));
#1799=DIRECTION('',(0.970716481578193,-0.240228042477253,0.));
#1800=DIRECTION('',(0.,0.,1.));
#1801=DIRECTION('',(0.970716481578193,-0.240228042477253,0.));
#1802=DIRECTION('',(0.,0.,1.));
#1803=DIRECTION('center_axis',(0.,0.,1.));
#1804=DIRECTION('ref_axis',(0.240228042477262,0.970716481578191,0.));
#1805=DIRECTION('center_axis',(0.,0.,-1.));
#1806=DIRECTION('ref_axis',(0.240228042477262,0.970716481578191,0.));
#1807=DIRECTION('center_axis',(0.,0.,-1.));
#1808=DIRECTION('ref_axis',(0.240228042477262,0.970716481578191,0.));
#1809=DIRECTION('',(0.,0.,1.));
#1810=DIRECTION('center_axis',(0.970716481578191,-0.240228042477264,0.));
#1811=DIRECTION('ref_axis',(0.240228042477264,0.970716481578191,0.));
#1812=DIRECTION('',(0.240228042477264,0.970716481578191,0.));
#1813=DIRECTION('',(0.240228042477264,0.970716481578191,0.));
#1814=DIRECTION('',(0.,0.,1.));
#1815=DIRECTION('center_axis',(-0.240686285694639,-0.970602963048495,0.));
#1816=DIRECTION('ref_axis',(0.970602963048495,-0.240686285694639,0.));
#1817=DIRECTION('',(0.970602963048495,-0.240686285694639,0.));
#1818=DIRECTION('',(0.970602963048495,-0.240686285694639,0.));
#1819=DIRECTION('',(0.,0.,1.));
#1820=DIRECTION('center_axis',(0.,0.,1.));
#1821=DIRECTION('ref_axis',(-0.967458138577135,0.253031124767022,0.));
#1822=DIRECTION('center_axis',(0.,0.,-1.));
#1823=DIRECTION('ref_axis',(-0.967458138577135,0.253031124767022,0.));
#1824=DIRECTION('center_axis',(0.,0.,-1.));
#1825=DIRECTION('ref_axis',(-0.967458138577135,0.253031124767022,0.));
#1826=DIRECTION('',(0.,0.,1.));
#1827=DIRECTION('center_axis',(-0.240686285694639,0.970602963048495,0.));
#1828=DIRECTION('ref_axis',(-0.970602963048495,-0.240686285694639,0.));
#1829=DIRECTION('',(-0.970602963048495,-0.240686285694639,0.));
#1830=DIRECTION('',(-0.970602963048495,-0.240686285694639,0.));
#1831=DIRECTION('',(0.,0.,1.));
#1832=DIRECTION('center_axis',(0.970602963048497,0.240686285694634,0.));
#1833=DIRECTION('ref_axis',(-0.240686285694634,0.970602963048497,0.));
#1834=DIRECTION('',(-0.240686285694634,0.970602963048497,0.));
#1835=DIRECTION('',(-0.240686285694634,0.970602963048497,0.));
#1836=DIRECTION('',(0.,0.,1.));
#1837=DIRECTION('center_axis',(0.,0.,1.));
#1838=DIRECTION('ref_axis',(-0.970602963048496,-0.240686285694634,0.));
#1839=DIRECTION('center_axis',(0.,0.,-1.));
#1840=DIRECTION('ref_axis',(-0.970602963048496,-0.240686285694634,0.));
#1841=DIRECTION('center_axis',(0.,0.,-1.));
#1842=DIRECTION('ref_axis',(-0.970602963048496,-0.240686285694634,0.));
#1843=DIRECTION('',(0.,0.,1.));
#1844=DIRECTION('center_axis',(-0.240686285694633,0.970602963048497,0.));
#1845=DIRECTION('ref_axis',(-0.970602963048497,-0.240686285694634,0.));
#1846=DIRECTION('',(-0.970602963048497,-0.240686285694634,0.));
#1847=DIRECTION('',(-0.970602963048497,-0.240686285694634,0.));
#1848=DIRECTION('',(0.,0.,1.));
#1849=DIRECTION('center_axis',(0.,0.,1.));
#1850=DIRECTION('ref_axis',(-0.940581657840349,-0.339567585223179,0.));
#1851=DIRECTION('center_axis',(0.,0.,-1.));
#1852=DIRECTION('ref_axis',(-0.940581657840349,-0.339567585223179,0.));
#1853=DIRECTION('center_axis',(0.,0.,-1.));
#1854=DIRECTION('ref_axis',(-0.940581657840349,-0.339567585223179,0.));
#1855=DIRECTION('',(0.,0.,1.));
#1856=DIRECTION('center_axis',(0.240228042477256,0.970716481578193,0.));
#1857=DIRECTION('ref_axis',(-0.970716481578193,0.240228042477256,0.));
#1858=DIRECTION('',(-0.970716481578193,0.240228042477256,0.));
#1859=DIRECTION('',(-0.970716481578193,0.240228042477256,0.));
#1860=DIRECTION('',(0.,0.,1.));
#1861=DIRECTION('center_axis',(0.,0.,1.));
#1862=DIRECTION('ref_axis',(-0.240228042477262,-0.970716481578191,0.));
#1863=DIRECTION('center_axis',(0.,0.,-1.));
#1864=DIRECTION('ref_axis',(-0.240228042477262,-0.970716481578191,0.));
#1865=DIRECTION('center_axis',(0.,0.,-1.));
#1866=DIRECTION('ref_axis',(-0.240228042477262,-0.970716481578191,0.));
#1867=DIRECTION('',(0.,0.,1.));
#1868=DIRECTION('center_axis',(-0.970716481578191,0.240228042477263,0.));
#1869=DIRECTION('ref_axis',(-0.240228042477263,-0.970716481578191,0.));
#1870=DIRECTION('',(-0.240228042477263,-0.970716481578191,0.));
#1871=DIRECTION('',(-0.240228042477263,-0.970716481578191,0.));
#1872=DIRECTION('',(0.,0.,1.));
#1873=DIRECTION('center_axis',(0.240228042477262,0.970716481578191,0.));
#1874=DIRECTION('ref_axis',(-0.970716481578191,0.240228042477262,0.));
#1875=DIRECTION('',(-0.970716481578191,0.240228042477262,0.));
#1876=DIRECTION('',(-0.970716481578191,0.240228042477262,0.));
#1877=DIRECTION('',(0.,0.,1.));
#1878=DIRECTION('center_axis',(0.,0.,1.));
#1879=DIRECTION('ref_axis',(0.96747588712306,-0.25296325392327,0.));
#1880=DIRECTION('center_axis',(0.,0.,-1.));
#1881=DIRECTION('ref_axis',(0.96747588712306,-0.25296325392327,0.));
#1882=DIRECTION('center_axis',(0.,0.,-1.));
#1883=DIRECTION('ref_axis',(0.96747588712306,-0.25296325392327,0.));
#1884=DIRECTION('',(0.,0.,1.));
#1885=DIRECTION('center_axis',(0.240686285694632,-0.970602963048497,0.));
#1886=DIRECTION('ref_axis',(0.970602963048497,0.240686285694632,0.));
#1887=DIRECTION('',(0.970602963048497,0.240686285694632,0.));
#1888=DIRECTION('',(0.970602963048497,0.240686285694632,0.));
#1889=DIRECTION('',(0.,0.,1.));
#1890=DIRECTION('center_axis',(-0.970602963048497,-0.240686285694633,0.));
#1891=DIRECTION('ref_axis',(0.240686285694633,-0.970602963048497,0.));
#1892=DIRECTION('',(0.240686285694633,-0.970602963048497,0.));
#1893=DIRECTION('',(0.240686285694633,-0.970602963048497,0.));
#1894=DIRECTION('',(0.,0.,1.));
#1895=DIRECTION('center_axis',(0.,0.,1.));
#1896=DIRECTION('ref_axis',(0.970602963048496,0.240686285694634,0.));
#1897=DIRECTION('center_axis',(0.,0.,-1.));
#1898=DIRECTION('ref_axis',(0.970602963048496,0.240686285694634,0.));
#1899=DIRECTION('center_axis',(0.,0.,-1.));
#1900=DIRECTION('ref_axis',(0.970602963048496,0.240686285694634,0.));
#1901=DIRECTION('',(0.,0.,1.));
#1902=DIRECTION('center_axis',(0.240686285694634,-0.970602963048496,0.));
#1903=DIRECTION('ref_axis',(0.970602963048496,0.240686285694634,0.));
#1904=DIRECTION('',(0.970602963048496,0.240686285694634,0.));
#1905=DIRECTION('',(0.970602963048496,0.240686285694634,0.));
#1906=DIRECTION('',(0.,0.,1.));
#1907=DIRECTION('center_axis',(0.,0.,1.));
#1908=DIRECTION('ref_axis',(0.945507706742748,0.325599718197159,0.));
#1909=DIRECTION('center_axis',(0.,0.,-1.));
#1910=DIRECTION('ref_axis',(0.945507706742748,0.325599718197159,0.));
#1911=DIRECTION('center_axis',(0.,0.,-1.));
#1912=DIRECTION('ref_axis',(0.945507706742748,0.325599718197159,0.));
#1913=DIRECTION('center_axis',(0.,0.,1.));
#1914=DIRECTION('ref_axis',(1.,0.,0.));
#1915=DIRECTION('center_axis',(-3.99103259730363E-17,-2.14655748260867E-16,
-1.));
#1916=DIRECTION('ref_axis',(1.,0.,-3.99103259730361E-17));
#1917=DIRECTION('',(0.,0.,-1.));
#1918=DIRECTION('center_axis',(-3.99103259730363E-17,-2.14655748260867E-16,
-1.));
#1919=DIRECTION('ref_axis',(1.,0.,-3.99103259730361E-17));
#1920=DIRECTION('center_axis',(0.,0.,1.));
#1921=DIRECTION('ref_axis',(1.,0.,0.));
#1922=DIRECTION('center_axis',(-2.14655748260867E-16,3.99103259730364E-17,
-1.));
#1923=DIRECTION('ref_axis',(1.,0.,-2.14655748260867E-16));
#1924=DIRECTION('',(0.,0.,-1.));
#1925=DIRECTION('center_axis',(-2.14655748260867E-16,3.99103259730364E-17,
-1.));
#1926=DIRECTION('ref_axis',(1.,0.,-2.14655748260867E-16));
#1927=DIRECTION('center_axis',(0.,0.,1.));
#1928=DIRECTION('ref_axis',(1.,0.,0.));
#1929=DIRECTION('center_axis',(3.99103259730363E-17,2.14655748260867E-16,
-1.));
#1930=DIRECTION('ref_axis',(1.,0.,3.99103259730364E-17));
#1931=DIRECTION('',(0.,0.,-1.));
#1932=DIRECTION('center_axis',(3.99103259730363E-17,2.14655748260867E-16,
-1.));
#1933=DIRECTION('ref_axis',(1.,0.,3.99103259730364E-17));
#1934=DIRECTION('center_axis',(0.,0.,1.));
#1935=DIRECTION('ref_axis',(1.,0.,0.));
#1936=DIRECTION('center_axis',(-2.14655748260867E-16,3.99103259730364E-17,
-1.));
#1937=DIRECTION('ref_axis',(1.,0.,-2.14655748260868E-16));
#1938=DIRECTION('',(0.,0.,-1.));
#1939=DIRECTION('center_axis',(-2.14655748260867E-16,3.99103259730364E-17,
-1.));
#1940=DIRECTION('ref_axis',(1.,0.,-2.14655748260868E-16));
#1941=DIRECTION('center_axis',(0.,0.,1.));
#1942=DIRECTION('ref_axis',(1.,0.,0.));
#1943=DIRECTION('center_axis',(3.99103259730363E-17,2.14655748260867E-16,
-1.));
#1944=DIRECTION('ref_axis',(1.,0.,3.99103259730361E-17));
#1945=DIRECTION('',(0.,0.,-1.));
#1946=DIRECTION('center_axis',(3.99103259730363E-17,2.14655748260867E-16,
-1.));
#1947=DIRECTION('ref_axis',(1.,0.,3.99103259730361E-17));
#1948=DIRECTION('center_axis',(0.,0.,1.));
#1949=DIRECTION('ref_axis',(1.,0.,0.));
#1950=DIRECTION('center_axis',(0.,0.,-1.));
#1951=DIRECTION('ref_axis',(1.,0.,0.));
#1952=DIRECTION('',(0.,0.,-1.));
#1953=DIRECTION('center_axis',(0.,0.,-1.));
#1954=DIRECTION('ref_axis',(1.,0.,0.));
#1955=DIRECTION('center_axis',(0.,0.,1.));
#1956=DIRECTION('ref_axis',(1.,0.,0.));
#1957=DIRECTION('center_axis',(0.,0.,-1.));
#1958=DIRECTION('ref_axis',(1.,0.,0.));
#1959=DIRECTION('',(0.,0.,-1.));
#1960=DIRECTION('center_axis',(0.,0.,-1.));
#1961=DIRECTION('ref_axis',(1.,0.,0.));
#1962=DIRECTION('center_axis',(0.,0.,1.));
#1963=DIRECTION('ref_axis',(1.,0.,0.));
#1964=DIRECTION('center_axis',(0.,0.,-1.));
#1965=DIRECTION('ref_axis',(1.,0.,0.));
#1966=DIRECTION('',(0.,0.,-1.));
#1967=DIRECTION('center_axis',(0.,0.,-1.));
#1968=DIRECTION('ref_axis',(1.,0.,0.));
#1969=DIRECTION('center_axis',(0.,0.,1.));
#1970=DIRECTION('ref_axis',(1.,0.,0.));
#1971=DIRECTION('center_axis',(0.,0.,-1.));
#1972=DIRECTION('ref_axis',(1.,0.,0.));
#1973=DIRECTION('',(0.,0.,-1.));
#1974=DIRECTION('center_axis',(0.,0.,-1.));
#1975=DIRECTION('ref_axis',(1.,0.,0.));
#1976=DIRECTION('center_axis',(0.,0.,1.));
#1977=DIRECTION('ref_axis',(1.,0.,0.));
#1978=DIRECTION('center_axis',(0.,0.,-1.));
#1979=DIRECTION('ref_axis',(1.,0.,0.));
#1980=DIRECTION('',(0.,0.,-1.));
#1981=DIRECTION('center_axis',(0.,0.,-1.));
#1982=DIRECTION('ref_axis',(1.,0.,0.));
#1983=DIRECTION('center_axis',(0.,0.,1.));
#1984=DIRECTION('ref_axis',(1.,0.,0.));
#1985=DIRECTION('center_axis',(0.,0.,-1.));
#1986=DIRECTION('ref_axis',(1.,0.,0.));
#1987=DIRECTION('',(0.,0.,-1.));
#1988=DIRECTION('center_axis',(0.,0.,-1.));
#1989=DIRECTION('ref_axis',(1.,0.,0.));
#1990=DIRECTION('center_axis',(0.,0.,1.));
#1991=DIRECTION('ref_axis',(1.,0.,0.));
#1992=DIRECTION('center_axis',(0.,0.,-1.));
#1993=DIRECTION('ref_axis',(1.,0.,0.));
#1994=DIRECTION('',(0.,0.,-1.));
#1995=DIRECTION('center_axis',(0.,0.,-1.));
#1996=DIRECTION('ref_axis',(1.,0.,0.));
#1997=DIRECTION('center_axis',(0.,0.,1.));
#1998=DIRECTION('ref_axis',(1.,0.,0.));
#1999=DIRECTION('center_axis',(0.,0.,-1.));
#2000=DIRECTION('ref_axis',(1.,0.,0.));
#2001=DIRECTION('',(0.,0.,-1.));
#2002=DIRECTION('center_axis',(0.,0.,-1.));
#2003=DIRECTION('ref_axis',(1.,0.,0.));
#2004=DIRECTION('center_axis',(0.,0.,1.));
#2005=DIRECTION('ref_axis',(1.,0.,0.));
#2006=DIRECTION('center_axis',(0.,0.,-1.));
#2007=DIRECTION('ref_axis',(1.,0.,0.));
#2008=DIRECTION('',(0.,0.,-1.));
#2009=DIRECTION('center_axis',(0.,0.,-1.));
#2010=DIRECTION('ref_axis',(1.,0.,0.));
#2011=DIRECTION('center_axis',(0.,0.,1.));
#2012=DIRECTION('ref_axis',(1.,0.,0.));
#2013=DIRECTION('center_axis',(0.,0.,-1.));
#2014=DIRECTION('ref_axis',(1.,0.,0.));
#2015=DIRECTION('',(0.,0.,-1.));
#2016=DIRECTION('center_axis',(0.,0.,-1.));
#2017=DIRECTION('ref_axis',(1.,0.,0.));
#2018=DIRECTION('center_axis',(0.,0.,1.));
#2019=DIRECTION('ref_axis',(1.,0.,0.));
#2020=DIRECTION('center_axis',(2.14655748260867E-16,-3.99103259730364E-17,
-1.));
#2021=DIRECTION('ref_axis',(1.,0.,2.14655748260867E-16));
#2022=DIRECTION('',(0.,0.,-1.));
#2023=DIRECTION('center_axis',(2.14655748260867E-16,-3.99103259730364E-17,
-1.));
#2024=DIRECTION('ref_axis',(1.,0.,2.14655748260867E-16));
#2025=DIRECTION('center_axis',(0.,0.,1.));
#2026=DIRECTION('ref_axis',(1.,0.,0.));
#2027=DIRECTION('center_axis',(0.,0.,-1.));
#2028=DIRECTION('ref_axis',(1.,0.,0.));
#2029=DIRECTION('',(0.,0.,-1.));
#2030=DIRECTION('center_axis',(0.,0.,-1.));
#2031=DIRECTION('ref_axis',(1.,0.,0.));
#2032=DIRECTION('center_axis',(0.,0.,1.));
#2033=DIRECTION('ref_axis',(1.,0.,0.));
#2034=DIRECTION('center_axis',(0.,0.,-1.));
#2035=DIRECTION('ref_axis',(1.,0.,0.));
#2036=DIRECTION('',(0.,0.,-1.));
#2037=DIRECTION('center_axis',(0.,0.,-1.));
#2038=DIRECTION('ref_axis',(1.,0.,0.));
#2039=DIRECTION('center_axis',(0.,0.,1.));
#2040=DIRECTION('ref_axis',(1.,0.,0.));
#2041=DIRECTION('center_axis',(-3.99103259730363E-17,-2.14655748260867E-16,
-1.));
#2042=DIRECTION('ref_axis',(1.,0.,-3.99103259730367E-17));
#2043=DIRECTION('',(0.,0.,-1.));
#2044=DIRECTION('center_axis',(-3.99103259730363E-17,-2.14655748260867E-16,
-1.));
#2045=DIRECTION('ref_axis',(1.,0.,-3.99103259730367E-17));
#2046=DIRECTION('center_axis',(0.,0.,1.));
#2047=DIRECTION('ref_axis',(1.,0.,0.));
#2048=DIRECTION('center_axis',(2.14655748260867E-16,-3.99103259730364E-17,
-1.));
#2049=DIRECTION('ref_axis',(1.,0.,2.14655748260867E-16));
#2050=DIRECTION('',(0.,0.,-1.));
#2051=DIRECTION('center_axis',(2.14655748260867E-16,-3.99103259730364E-17,
-1.));
#2052=DIRECTION('ref_axis',(1.,0.,2.14655748260867E-16));
#2053=DIRECTION('center_axis',(0.,-1.,0.));
#2054=DIRECTION('ref_axis',(1.,0.,0.));
#2055=DIRECTION('',(-1.,0.,0.));
#2056=DIRECTION('',(0.,0.,1.));
#2057=DIRECTION('',(1.,0.,0.));
#2058=DIRECTION('',(0.,0.,1.));
#2059=DIRECTION('center_axis',(-0.707106781186547,-0.707106781186548,0.));
#2060=DIRECTION('ref_axis',(0.707106781186548,-0.707106781186547,4.11235979854289E-16));
#2061=DIRECTION('',(-0.707106781186548,0.707106781186547,-4.11235979854289E-16));
#2062=DIRECTION('',(0.707106781186548,-0.707106781186547,4.11235979854289E-16));
#2063=DIRECTION('',(0.,0.,1.));
#2064=DIRECTION('center_axis',(0.,0.,1.));
#2065=DIRECTION('ref_axis',(-0.998450797485761,0.0556417559037007,0.));
#2066=DIRECTION('center_axis',(0.,0.,1.));
#2067=DIRECTION('ref_axis',(-0.998450797485761,0.0556417559037007,0.));
#2068=DIRECTION('center_axis',(0.,0.,1.));
#2069=DIRECTION('ref_axis',(-0.998450797485761,0.0556417559037007,0.));
#2070=DIRECTION('',(0.,0.,1.));
#2071=DIRECTION('center_axis',(-0.707106781186548,-0.707106781186548,0.));
#2072=DIRECTION('ref_axis',(0.707106781186548,-0.707106781186548,2.16334835848751E-16));
#2073=DIRECTION('',(-0.707106781186547,0.707106781186547,-2.16334835848751E-16));
#2074=DIRECTION('',(0.707106781186547,-0.707106781186547,2.16334835848751E-16));
#2075=DIRECTION('',(0.,0.,1.));
#2076=DIRECTION('center_axis',(0.,0.,1.));
#2077=DIRECTION('ref_axis',(-0.998450797485761,0.0556417559037095,0.));
#2078=DIRECTION('center_axis',(0.,0.,1.));
#2079=DIRECTION('ref_axis',(-0.998450797485761,0.0556417559037095,0.));
#2080=DIRECTION('center_axis',(0.,0.,1.));
#2081=DIRECTION('ref_axis',(-0.998450797485761,0.0556417559037095,0.));
#2082=DIRECTION('',(0.,0.,1.));
#2083=DIRECTION('center_axis',(-0.707106781186548,-0.707106781186547,0.));
#2084=DIRECTION('ref_axis',(0.707106781186547,-0.707106781186548,-5.84588613282298E-16));
#2085=DIRECTION('',(-0.707106781186547,0.707106781186548,5.84588613282298E-16));
#2086=DIRECTION('',(0.707106781186547,-0.707106781186548,-5.84588613282298E-16));
#2087=DIRECTION('',(0.,0.,1.));
#2088=DIRECTION('center_axis',(0.707106781186548,-0.707106781186547,0.));
#2089=DIRECTION('ref_axis',(0.707106781186547,0.707106781186548,0.));
#2090=DIRECTION('',(-0.707106781186547,-0.707106781186548,0.));
#2091=DIRECTION('',(0.707106781186547,0.707106781186548,0.));
#2092=DIRECTION('',(0.,0.,1.));
#2093=DIRECTION('center_axis',(0.,0.,1.));
#2094=DIRECTION('ref_axis',(-0.906683921410397,0.421810700025336,0.));
#2095=DIRECTION('center_axis',(0.,0.,1.));
#2096=DIRECTION('ref_axis',(-0.906683921410397,0.421810700025336,0.));
#2097=DIRECTION('center_axis',(0.,0.,1.));
#2098=DIRECTION('ref_axis',(-0.906683921410397,0.421810700025336,0.));
#2099=DIRECTION('',(0.,0.,1.));
#2100=DIRECTION('center_axis',(0.707106781186547,0.707106781186548,0.));
#2101=DIRECTION('ref_axis',(-0.707106781186548,0.707106781186547,0.));
#2102=DIRECTION('',(-0.707106781186548,0.707106781186547,0.));
#2103=DIRECTION('',(-0.707106781186548,0.707106781186547,0.));
#2104=DIRECTION('',(0.,0.,1.));
#2105=DIRECTION('center_axis',(-0.707106781186548,0.707106781186547,0.));
#2106=DIRECTION('ref_axis',(-0.707106781186547,-0.707106781186548,2.89598667879006E-16));
#2107=DIRECTION('',(0.707106781186547,0.707106781186548,-2.89598667879006E-16));
#2108=DIRECTION('',(-0.707106781186547,-0.707106781186548,2.89598667879006E-16));
#2109=DIRECTION('',(0.,0.,1.));
#2110=DIRECTION('center_axis',(0.,0.,1.));
#2111=DIRECTION('ref_axis',(0.0556417559037007,0.998450797485761,0.));
#2112=DIRECTION('center_axis',(0.,0.,1.));
#2113=DIRECTION('ref_axis',(0.0556417559037007,0.998450797485761,0.));
#2114=DIRECTION('center_axis',(0.,0.,1.));
#2115=DIRECTION('ref_axis',(0.0556417559037007,0.998450797485761,0.));
#2116=DIRECTION('',(0.,0.,1.));
#2117=DIRECTION('center_axis',(-0.707106781186548,0.707106781186548,0.));
#2118=DIRECTION('ref_axis',(-0.707106781186548,-0.707106781186548,2.16334835848751E-16));
#2119=DIRECTION('',(0.707106781186547,0.707106781186547,-2.16334835848751E-16));
#2120=DIRECTION('',(-0.707106781186547,-0.707106781186547,2.16334835848751E-16));
#2121=DIRECTION('',(0.,0.,1.));
#2122=DIRECTION('center_axis',(0.,0.,1.));
#2123=DIRECTION('ref_axis',(0.0556417559037066,0.998450797485761,0.));
#2124=DIRECTION('center_axis',(0.,0.,1.));
#2125=DIRECTION('ref_axis',(0.0556417559037066,0.998450797485761,0.));
#2126=DIRECTION('center_axis',(0.,0.,1.));
#2127=DIRECTION('ref_axis',(0.0556417559037066,0.998450797485761,0.));
#2128=DIRECTION('',(0.,0.,1.));
#2129=DIRECTION('center_axis',(-0.707106781186548,0.707106781186547,0.));
#2130=DIRECTION('ref_axis',(-0.707106781186547,-0.707106781186548,-8.33385911625336E-16));
#2131=DIRECTION('',(0.707106781186547,0.707106781186548,8.33385911625336E-16));
#2132=DIRECTION('',(-0.707106781186547,-0.707106781186548,-8.33385911625336E-16));
#2133=DIRECTION('',(0.,0.,1.));
#2134=DIRECTION('center_axis',(0.,1.,0.));
#2135=DIRECTION('ref_axis',(-1.,0.,0.));
#2136=DIRECTION('',(-1.,0.,0.));
#2137=DIRECTION('',(-1.,0.,0.));
#2138=DIRECTION('',(0.,0.,1.));
#2139=DIRECTION('center_axis',(0.,0.,1.));
#2140=DIRECTION('ref_axis',(0.987633427469602,-0.156780779895518,0.));
#2141=DIRECTION('center_axis',(0.,0.,1.));
#2142=DIRECTION('ref_axis',(0.987633427469602,-0.156780779895518,0.));
#2143=DIRECTION('center_axis',(0.,0.,1.));
#2144=DIRECTION('ref_axis',(0.987633427469602,-0.156780779895518,0.));
#2145=DIRECTION('',(0.,0.,1.));
#2146=DIRECTION('center_axis',(0.,0.,1.));
#2147=DIRECTION('ref_axis',(0.386451502238531,0.922309729113589,0.));
#2148=DIRECTION('center_axis',(0.,0.,1.));
#2149=DIRECTION('ref_axis',(0.386451502238531,0.922309729113589,0.));
#2150=DIRECTION('center_axis',(0.,0.,1.));
#2151=DIRECTION('ref_axis',(0.386451502238531,0.922309729113589,0.));
#2152=DIRECTION('',(0.,0.,1.));
#2153=DIRECTION('center_axis',(0.,0.,1.));
#2154=DIRECTION('ref_axis',(0.,1.,0.));
#2155=DIRECTION('center_axis',(0.,0.,1.));
#2156=DIRECTION('ref_axis',(0.,1.,0.));
#2157=DIRECTION('center_axis',(0.,0.,1.));
#2158=DIRECTION('ref_axis',(0.,1.,0.));
#2159=DIRECTION('',(0.,0.,1.));
#2160=DIRECTION('center_axis',(0.,1.,0.));
#2161=DIRECTION('ref_axis',(-1.,0.,0.));
#2162=DIRECTION('',(1.,0.,0.));
#2163=DIRECTION('',(-1.,0.,0.));
#2164=DIRECTION('',(0.,0.,1.));
#2165=DIRECTION('center_axis',(0.707106781186547,0.707106781186548,0.));
#2166=DIRECTION('ref_axis',(-0.707106781186548,0.707106781186547,4.11235979854289E-16));
#2167=DIRECTION('',(0.707106781186548,-0.707106781186547,-4.11235979854289E-16));
#2168=DIRECTION('',(-0.707106781186548,0.707106781186547,4.11235979854289E-16));
#2169=DIRECTION('',(0.,0.,1.));
#2170=DIRECTION('center_axis',(0.,0.,1.));
#2171=DIRECTION('ref_axis',(0.998450797485761,-0.0556417559037007,0.));
#2172=DIRECTION('center_axis',(0.,0.,1.));
#2173=DIRECTION('ref_axis',(0.998450797485761,-0.0556417559037007,0.));
#2174=DIRECTION('center_axis',(0.,0.,1.));
#2175=DIRECTION('ref_axis',(0.998450797485761,-0.0556417559037007,0.));
#2176=DIRECTION('',(0.,0.,1.));
#2177=DIRECTION('center_axis',(0.707106781186548,0.707106781186548,0.));
#2178=DIRECTION('ref_axis',(-0.707106781186548,0.707106781186548,2.16334835848751E-16));
#2179=DIRECTION('',(0.707106781186547,-0.707106781186547,-2.16334835848751E-16));
#2180=DIRECTION('',(-0.707106781186547,0.707106781186547,2.16334835848751E-16));
#2181=DIRECTION('',(0.,0.,1.));
#2182=DIRECTION('center_axis',(0.,0.,1.));
#2183=DIRECTION('ref_axis',(0.998450797485761,-0.0556417559037095,0.));
#2184=DIRECTION('center_axis',(0.,0.,1.));
#2185=DIRECTION('ref_axis',(0.998450797485761,-0.0556417559037095,0.));
#2186=DIRECTION('center_axis',(0.,0.,1.));
#2187=DIRECTION('ref_axis',(0.998450797485761,-0.0556417559037095,0.));
#2188=DIRECTION('',(0.,0.,1.));
#2189=DIRECTION('center_axis',(0.707106781186548,0.707106781186547,0.));
#2190=DIRECTION('ref_axis',(-0.707106781186547,0.707106781186548,-5.84588613282298E-16));
#2191=DIRECTION('',(0.707106781186547,-0.707106781186548,5.84588613282298E-16));
#2192=DIRECTION('',(-0.707106781186547,0.707106781186548,-5.84588613282298E-16));
#2193=DIRECTION('',(0.,0.,1.));
#2194=DIRECTION('center_axis',(-0.707106781186548,0.707106781186547,0.));
#2195=DIRECTION('ref_axis',(-0.707106781186547,-0.707106781186548,0.));
#2196=DIRECTION('',(0.707106781186547,0.707106781186548,0.));
#2197=DIRECTION('',(-0.707106781186547,-0.707106781186548,0.));
#2198=DIRECTION('',(0.,0.,1.));
#2199=DIRECTION('center_axis',(0.,0.,1.));
#2200=DIRECTION('ref_axis',(0.906683921410397,-0.421810700025336,0.));
#2201=DIRECTION('center_axis',(0.,0.,1.));
#2202=DIRECTION('ref_axis',(0.906683921410397,-0.421810700025336,0.));
#2203=DIRECTION('center_axis',(0.,0.,1.));
#2204=DIRECTION('ref_axis',(0.906683921410397,-0.421810700025336,0.));
#2205=DIRECTION('',(0.,0.,1.));
#2206=DIRECTION('center_axis',(-0.707106781186548,-0.707106781186547,0.));
#2207=DIRECTION('ref_axis',(0.707106781186547,-0.707106781186548,0.));
#2208=DIRECTION('',(0.707106781186547,-0.707106781186548,0.));
#2209=DIRECTION('',(0.707106781186547,-0.707106781186548,0.));
#2210=DIRECTION('',(0.,0.,1.));
#2211=DIRECTION('center_axis',(0.707106781186547,-0.707106781186548,0.));
#2212=DIRECTION('ref_axis',(0.707106781186548,0.707106781186547,2.89598667879006E-16));
#2213=DIRECTION('',(-0.707106781186548,-0.707106781186547,-2.89598667879006E-16));
#2214=DIRECTION('',(0.707106781186548,0.707106781186547,2.89598667879006E-16));
#2215=DIRECTION('',(0.,0.,1.));
#2216=DIRECTION('center_axis',(0.,0.,1.));
#2217=DIRECTION('ref_axis',(-0.0556417559037007,-0.998450797485761,0.));
#2218=DIRECTION('center_axis',(0.,0.,1.));
#2219=DIRECTION('ref_axis',(-0.0556417559037007,-0.998450797485761,0.));
#2220=DIRECTION('center_axis',(0.,0.,1.));
#2221=DIRECTION('ref_axis',(-0.0556417559037007,-0.998450797485761,0.));
#2222=DIRECTION('',(0.,0.,1.));
#2223=DIRECTION('center_axis',(0.707106781186548,-0.707106781186548,0.));
#2224=DIRECTION('ref_axis',(0.707106781186548,0.707106781186548,2.16334835848751E-16));
#2225=DIRECTION('',(-0.707106781186547,-0.707106781186547,-2.16334835848751E-16));
#2226=DIRECTION('',(0.707106781186547,0.707106781186547,2.16334835848751E-16));
#2227=DIRECTION('',(0.,0.,1.));
#2228=DIRECTION('center_axis',(0.,0.,1.));
#2229=DIRECTION('ref_axis',(-0.0556417559037066,-0.998450797485761,0.));
#2230=DIRECTION('center_axis',(0.,0.,1.));
#2231=DIRECTION('ref_axis',(-0.0556417559037066,-0.998450797485761,0.));
#2232=DIRECTION('center_axis',(0.,0.,1.));
#2233=DIRECTION('ref_axis',(-0.0556417559037066,-0.998450797485761,0.));
#2234=DIRECTION('',(0.,0.,1.));
#2235=DIRECTION('center_axis',(0.707106781186548,-0.707106781186547,0.));
#2236=DIRECTION('ref_axis',(0.707106781186547,0.707106781186548,-8.33385911625337E-16));
#2237=DIRECTION('',(-0.707106781186547,-0.707106781186548,8.33385911625337E-16));
#2238=DIRECTION('',(0.707106781186547,0.707106781186548,-8.33385911625337E-16));
#2239=DIRECTION('',(0.,0.,1.));
#2240=DIRECTION('center_axis',(0.,-1.,0.));
#2241=DIRECTION('ref_axis',(1.,0.,0.));
#2242=DIRECTION('',(1.,0.,0.));
#2243=DIRECTION('',(1.,0.,0.));
#2244=DIRECTION('',(0.,0.,1.));
#2245=DIRECTION('center_axis',(0.,0.,1.));
#2246=DIRECTION('ref_axis',(-0.987633427469594,0.156780779895565,0.));
#2247=DIRECTION('center_axis',(0.,0.,1.));
#2248=DIRECTION('ref_axis',(-0.987633427469594,0.156780779895565,0.));
#2249=DIRECTION('center_axis',(0.,0.,1.));
#2250=DIRECTION('ref_axis',(-0.987633427469594,0.156780779895565,0.));
#2251=DIRECTION('',(0.,0.,1.));
#2252=DIRECTION('center_axis',(0.,0.,1.));
#2253=DIRECTION('ref_axis',(-0.386451502238528,-0.922309729113591,0.));
#2254=DIRECTION('center_axis',(0.,0.,1.));
#2255=DIRECTION('ref_axis',(-0.386451502238528,-0.922309729113591,0.));
#2256=DIRECTION('center_axis',(0.,0.,1.));
#2257=DIRECTION('ref_axis',(-0.386451502238528,-0.922309729113591,0.));
#2258=DIRECTION('',(0.,0.,1.));
#2259=DIRECTION('center_axis',(0.,0.,1.));
#2260=DIRECTION('ref_axis',(0.,-1.,0.));
#2261=DIRECTION('center_axis',(0.,0.,1.));
#2262=DIRECTION('ref_axis',(0.,-1.,0.));
#2263=DIRECTION('center_axis',(0.,0.,1.));
#2264=DIRECTION('ref_axis',(0.,-1.,0.));
#2265=DIRECTION('center_axis',(2.04777181879836E-16,2.04777181879836E-16,
1.));
#2266=DIRECTION('ref_axis',(1.,0.,-2.04777181879836E-16));
#2267=DIRECTION('center_axis',(2.04777181879836E-16,2.04777181879836E-16,
1.));
#2268=DIRECTION('ref_axis',(1.,0.,-2.04777181879836E-16));
#2269=CARTESIAN_POINT('',(0.,0.,0.));
#2270=CARTESIAN_POINT('Origin',(-66.0952958111338,23.6006014379649,0.));
#2271=CARTESIAN_POINT('',(-66.0952958111338,23.6006014379649,0.));
#2272=CARTESIAN_POINT('',(-63.7991232942879,23.0323561888319,0.));
#2273=CARTESIAN_POINT('',(-63.7991232942879,23.0323561888319,0.));
#2274=CARTESIAN_POINT('',(-63.7991232942879,23.0323561888319,1.5));
#2275=CARTESIAN_POINT('',(-63.7991232942879,23.0323561888319,0.));
#2276=CARTESIAN_POINT('',(-66.0952958111338,23.6006014379649,1.5));
#2277=CARTESIAN_POINT('',(-63.7991232942879,23.0323561888319,1.5));
#2278=CARTESIAN_POINT('',(-66.0952958111338,23.6006014379649,0.));
#2279=CARTESIAN_POINT('Origin',(-67.0562079810428,19.7177355116522,0.));
#2280=CARTESIAN_POINT('',(-70.9390739073556,20.6786476815612,0.));
#2281=CARTESIAN_POINT('Origin',(-67.0562079810428,19.7177355116522,0.));
#2282=CARTESIAN_POINT('',(-70.9390739073556,20.6786476815612,1.5));
#2283=CARTESIAN_POINT('Origin',(-67.0562079810428,19.7177355116522,1.5));
#2284=CARTESIAN_POINT('',(-70.9390739073556,20.6786476815612,0.));
#2285=CARTESIAN_POINT('Origin',(-71.4187359724914,18.740423203629,0.));
#2286=CARTESIAN_POINT('',(-71.4187359724914,18.740423203629,0.));
#2287=CARTESIAN_POINT('',(-71.4187359724914,18.740423203629,0.));
#2288=CARTESIAN_POINT('',(-71.4187359724914,18.740423203629,1.5));
#2289=CARTESIAN_POINT('',(-71.4187359724914,18.740423203629,1.5));
#2290=CARTESIAN_POINT('',(-71.4187359724914,18.740423203629,0.));
#2291=CARTESIAN_POINT('Origin',(-75.9454638783051,19.8629432942113,0.));
#2292=CARTESIAN_POINT('',(-75.9454638783051,19.8629432942113,0.));
#2293=CARTESIAN_POINT('',(-75.9454638783051,19.8629432942113,0.));
#2294=CARTESIAN_POINT('',(-75.9454638783051,19.8629432942113,1.5));
#2295=CARTESIAN_POINT('',(-75.9454638783051,19.8629432942113,1.5));
#2296=CARTESIAN_POINT('',(-75.9454638783051,19.8629432942113,0.));
#2297=CARTESIAN_POINT('Origin',(0.,0.,0.));
#2298=CARTESIAN_POINT('',(-75.9454638783051,-19.8629432942113,0.));
#2299=CARTESIAN_POINT('Origin',(0.,0.,0.));
#2300=CARTESIAN_POINT('',(-75.9454638783051,-19.8629432942113,1.5));
#2301=CARTESIAN_POINT('Origin',(0.,0.,1.5));
#2302=CARTESIAN_POINT('',(-75.9454638783051,-19.8629432942113,0.));
#2303=CARTESIAN_POINT('Origin',(-71.418276998919,-18.740309389177,0.));
#2304=CARTESIAN_POINT('',(-71.418276998919,-18.740309389177,0.));
#2305=CARTESIAN_POINT('',(-71.418276998919,-18.740309389177,0.));
#2306=CARTESIAN_POINT('',(-71.418276998919,-18.740309389177,1.5));
#2307=CARTESIAN_POINT('',(-71.418276998919,-18.740309389177,1.5));
#2308=CARTESIAN_POINT('',(-71.418276998919,-18.740309389177,0.));
#2309=CARTESIAN_POINT('Origin',(-70.9369044275297,-20.681515315274,0.));
#2310=CARTESIAN_POINT('',(-70.9369044275297,-20.681515315274,0.));
#2311=CARTESIAN_POINT('',(-71.418276998919,-18.740309389177,0.));
#2312=CARTESIAN_POINT('',(-70.9369044275297,-20.681515315274,1.5));
#2313=CARTESIAN_POINT('',(-71.418276998919,-18.740309389177,1.5));
#2314=CARTESIAN_POINT('',(-70.9369044275297,-20.681515315274,0.));
#2315=CARTESIAN_POINT('Origin',(-67.0544925753357,-19.7187701724955,0.));
#2316=CARTESIAN_POINT('',(-66.0917474325572,-23.6011820246894,0.));
#2317=CARTESIAN_POINT('Origin',(-67.0544925753357,-19.7187701724955,0.));
#2318=CARTESIAN_POINT('',(-66.0917474325572,-23.6011820246894,1.5));
#2319=CARTESIAN_POINT('Origin',(-67.0544925753357,-19.7187701724955,1.5));
#2320=CARTESIAN_POINT('',(-66.0917474325572,-23.6011820246894,0.));
#2321=CARTESIAN_POINT('Origin',(-63.7990205864797,-23.0326406852301,0.));
#2322=CARTESIAN_POINT('',(-63.7990205864797,-23.0326406852301,0.));
#2323=CARTESIAN_POINT('',(-63.7990205864797,-23.0326406852301,0.));
#2324=CARTESIAN_POINT('',(-63.7990205864797,-23.0326406852301,1.5));
#2325=CARTESIAN_POINT('',(-63.7990205864797,-23.0326406852301,1.5));
#2326=CARTESIAN_POINT('',(-63.7990205864797,-23.0326406852301,0.));
#2327=CARTESIAN_POINT('Origin',(0.,-8.88178419700125E-15,0.));
#2328=CARTESIAN_POINT('',(63.7991232942879,-23.0323561888319,0.));
#2329=CARTESIAN_POINT('Origin',(0.,-8.88178419700125E-15,0.));
#2330=CARTESIAN_POINT('',(63.7991232942879,-23.0323561888319,1.5));
#2331=CARTESIAN_POINT('Origin',(0.,-8.88178419700125E-15,1.5));
#2332=CARTESIAN_POINT('',(63.7991232942879,-23.0323561888319,0.));
#2333=CARTESIAN_POINT('Origin',(66.0952958111338,-23.6006014379649,0.));
#2334=CARTESIAN_POINT('',(66.0952958111338,-23.6006014379649,0.));
#2335=CARTESIAN_POINT('',(63.7991232942879,-23.0323561888319,0.));
#2336=CARTESIAN_POINT('',(66.0952958111338,-23.6006014379649,1.5));
#2337=CARTESIAN_POINT('',(63.7991232942879,-23.0323561888319,1.5));
#2338=CARTESIAN_POINT('',(66.0952958111338,-23.6006014379649,0.));
#2339=CARTESIAN_POINT('Origin',(67.0562079810428,-19.7177355116522,0.));
#2340=CARTESIAN_POINT('',(70.9390739073556,-20.6786476815612,0.));
#2341=CARTESIAN_POINT('Origin',(67.0562079810428,-19.7177355116522,0.));
#2342=CARTESIAN_POINT('',(70.9390739073556,-20.6786476815612,1.5));
#2343=CARTESIAN_POINT('Origin',(67.0562079810428,-19.7177355116522,1.5));
#2344=CARTESIAN_POINT('',(70.9390739073556,-20.6786476815612,0.));
#2345=CARTESIAN_POINT('Origin',(71.4195298718442,-18.7372152051851,0.));
#2346=CARTESIAN_POINT('',(71.4195298718442,-18.7372152051851,0.));
#2347=CARTESIAN_POINT('',(71.4195298718442,-18.7372152051851,0.));
#2348=CARTESIAN_POINT('',(71.4195298718442,-18.7372152051851,1.5));
#2349=CARTESIAN_POINT('',(71.4195298718442,-18.7372152051851,1.5));
#2350=CARTESIAN_POINT('',(71.4195298718442,-18.7372152051851,0.));
#2351=CARTESIAN_POINT('Origin',(75.9468571391602,-19.8576154329767,0.));
#2352=CARTESIAN_POINT('',(75.9468571391602,-19.8576154329767,0.));
#2353=CARTESIAN_POINT('',(75.9468571391602,-19.8576154329767,0.));
#2354=CARTESIAN_POINT('',(75.9468571391602,-19.8576154329767,1.5));
#2355=CARTESIAN_POINT('',(75.9468571391602,-19.8576154329767,1.5));
#2356=CARTESIAN_POINT('',(75.9468571391602,-19.8576154329767,0.));
#2357=CARTESIAN_POINT('Origin',(0.,0.,0.));
#2358=CARTESIAN_POINT('',(75.9454638783052,19.8629432942112,0.));
#2359=CARTESIAN_POINT('Origin',(0.,0.,0.));
#2360=CARTESIAN_POINT('',(75.9454638783052,19.8629432942112,1.5));
#2361=CARTESIAN_POINT('Origin',(0.,0.,1.5));
#2362=CARTESIAN_POINT('',(75.9454638783052,19.8629432942112,0.));
#2363=CARTESIAN_POINT('Origin',(71.418276998919,18.740309389177,0.));
#2364=CARTESIAN_POINT('',(71.418276998919,18.740309389177,0.));
#2365=CARTESIAN_POINT('',(71.418276998919,18.740309389177,0.));
#2366=CARTESIAN_POINT('',(71.418276998919,18.740309389177,1.5));
#2367=CARTESIAN_POINT('',(71.418276998919,18.740309389177,1.5));
#2368=CARTESIAN_POINT('',(71.418276998919,18.740309389177,0.));
#2369=CARTESIAN_POINT('Origin',(70.9369044275297,20.681515315274,0.));
#2370=CARTESIAN_POINT('',(70.9369044275297,20.681515315274,0.));
#2371=CARTESIAN_POINT('',(71.418276998919,18.740309389177,0.));
#2372=CARTESIAN_POINT('',(70.9369044275297,20.681515315274,1.5));
#2373=CARTESIAN_POINT('',(71.418276998919,18.740309389177,1.5));
#2374=CARTESIAN_POINT('',(70.9369044275297,20.681515315274,0.));
#2375=CARTESIAN_POINT('Origin',(67.0544925753357,19.7187701724954,0.));
#2376=CARTESIAN_POINT('',(66.0917474325572,23.6011820246894,0.));
#2377=CARTESIAN_POINT('Origin',(67.0544925753357,19.7187701724954,0.));
#2378=CARTESIAN_POINT('',(66.0917474325572,23.6011820246894,1.5));
#2379=CARTESIAN_POINT('Origin',(67.0544925753357,19.7187701724954,1.5));
#2380=CARTESIAN_POINT('',(66.0917474325572,23.6011820246894,0.));
#2381=CARTESIAN_POINT('Origin',(63.7990205864797,23.0326406852301,0.));
#2382=CARTESIAN_POINT('',(63.7990205864797,23.0326406852301,0.));
#2383=CARTESIAN_POINT('',(63.7990205864797,23.0326406852301,0.));
#2384=CARTESIAN_POINT('',(63.7990205864797,23.0326406852301,1.5));
#2385=CARTESIAN_POINT('',(63.7990205864797,23.0326406852301,1.5));
#2386=CARTESIAN_POINT('',(63.7990205864797,23.0326406852301,0.));
#2387=CARTESIAN_POINT('Origin',(0.,-8.88178419700125E-15,0.));
#2388=CARTESIAN_POINT('Origin',(0.,-8.88178419700125E-15,0.));
#2389=CARTESIAN_POINT('Origin',(0.,-8.88178419700125E-15,1.5));
#2390=CARTESIAN_POINT('Origin',(-58.1655987697694,40.58792924011,-4.44089209850063E-15));
#2391=CARTESIAN_POINT('',(-59.8155987697694,40.58792924011,1.5));
#2392=CARTESIAN_POINT('Origin',(-58.1655987697694,40.58792924011,1.5));
#2393=CARTESIAN_POINT('',(-59.8155987697694,40.58792924011,-4.37504006064512E-15));
#2394=CARTESIAN_POINT('',(-59.8155987697694,40.58792924011,-4.44089209850063E-15));
#2395=CARTESIAN_POINT('Origin',(-58.1655987697694,40.58792924011,-4.44089209850063E-15));
#2396=CARTESIAN_POINT('Origin',(40.58792924011,58.1655987697694,-4.44089209850063E-15));
#2397=CARTESIAN_POINT('',(38.93792924011,58.1655987697694,1.5));
#2398=CARTESIAN_POINT('Origin',(40.58792924011,58.1655987697694,1.5));
#2399=CARTESIAN_POINT('',(38.93792924011,58.1655987697694,-4.0867101138702E-15));
#2400=CARTESIAN_POINT('',(38.93792924011,58.1655987697694,-4.44089209850063E-15));
#2401=CARTESIAN_POINT('Origin',(40.58792924011,58.1655987697694,-4.44089209850063E-15));
#2402=CARTESIAN_POINT('Origin',(58.1655987697694,-40.58792924011,-4.44089209850063E-15));
#2403=CARTESIAN_POINT('',(56.5155987697694,-40.58792924011,1.5));
#2404=CARTESIAN_POINT('Origin',(58.1655987697694,-40.58792924011,1.5));
#2405=CARTESIAN_POINT('',(56.5155987697694,-40.58792924011,-4.50674413635614E-15));
#2406=CARTESIAN_POINT('',(56.5155987697694,-40.58792924011,-4.44089209850063E-15));
#2407=CARTESIAN_POINT('Origin',(58.1655987697694,-40.58792924011,-4.44089209850063E-15));
#2408=CARTESIAN_POINT('Origin',(58.2655987697737,40.4879292401057,-8.88178419700125E-15));
#2409=CARTESIAN_POINT('',(56.6155987697737,40.4879292401057,1.49999999999999));
#2410=CARTESIAN_POINT('Origin',(58.2655987697737,40.4879292401057,1.49999999999999));
#2411=CARTESIAN_POINT('',(56.6155987697737,40.4879292401057,-8.52760221237082E-15));
#2412=CARTESIAN_POINT('',(56.6155987697737,40.4879292401057,-8.88178419700125E-15));
#2413=CARTESIAN_POINT('Origin',(58.2655987697737,40.4879292401057,-8.88178419700125E-15));
#2414=CARTESIAN_POINT('Origin',(40.4879292401057,-58.2655987697737,-8.88178419700125E-15));
#2415=CARTESIAN_POINT('',(38.8379292401057,-58.2655987697737,1.49999999999999));
#2416=CARTESIAN_POINT('Origin',(40.4879292401057,-58.2655987697737,1.49999999999999));
#2417=CARTESIAN_POINT('',(38.8379292401057,-58.2655987697737,-8.94763623485676E-15));
#2418=CARTESIAN_POINT('',(38.8379292401057,-58.2655987697737,-8.88178419700125E-15));
#2419=CARTESIAN_POINT('Origin',(40.4879292401057,-58.2655987697737,-8.88178419700125E-15));
#2420=CARTESIAN_POINT('Origin',(-30.335,65.7969194899012,0.));
#2421=CARTESIAN_POINT('',(-31.935,65.7969194899012,1.5));
#2422=CARTESIAN_POINT('Origin',(-30.335,65.7969194899012,1.5));
#2423=CARTESIAN_POINT('',(-31.935,65.7969194899012,0.));
#2424=CARTESIAN_POINT('',(-31.935,65.7969194899012,0.));
#2425=CARTESIAN_POINT('Origin',(-30.335,65.7969194899012,0.));
#2426=CARTESIAN_POINT('Origin',(73.6094005983316,22.374517747208,0.));
#2427=CARTESIAN_POINT('',(71.9594005983316,22.374517747208,1.5));
#2428=CARTESIAN_POINT('Origin',(73.6094005983316,22.374517747208,1.5));
#2429=CARTESIAN_POINT('',(71.9594005983316,22.374517747208,0.));
#2430=CARTESIAN_POINT('',(71.9594005983316,22.374517747208,0.));
#2431=CARTESIAN_POINT('Origin',(73.6094005983316,22.374517747208,0.));
#2432=CARTESIAN_POINT('Origin',(65.6570293802511,-26.5684158754865,0.));
#2433=CARTESIAN_POINT('',(64.0070293802511,-26.5684158754865,1.5));
#2434=CARTESIAN_POINT('Origin',(65.6570293802511,-26.5684158754865,1.5));
#2435=CARTESIAN_POINT('',(64.0070293802511,-26.5684158754865,0.));
#2436=CARTESIAN_POINT('',(64.0070293802511,-26.5684158754865,0.));
#2437=CARTESIAN_POINT('Origin',(65.6570293802511,-26.5684158754865,0.));
#2438=CARTESIAN_POINT('Origin',(73.6094005983316,-22.374517747208,0.));
#2439=CARTESIAN_POINT('',(71.9594005983316,-22.374517747208,1.5));
#2440=CARTESIAN_POINT('Origin',(73.6094005983316,-22.374517747208,1.5));
#2441=CARTESIAN_POINT('',(71.9594005983316,-22.374517747208,0.));
#2442=CARTESIAN_POINT('',(71.9594005983316,-22.374517747208,0.));
#2443=CARTESIAN_POINT('Origin',(73.6094005983316,-22.374517747208,0.));
#2444=CARTESIAN_POINT('Origin',(-65.6570293802511,-26.5684158754865,0.));
#2445=CARTESIAN_POINT('',(-67.3070293802511,-26.5684158754865,1.5));
#2446=CARTESIAN_POINT('Origin',(-65.6570293802511,-26.5684158754865,1.5));
#2447=CARTESIAN_POINT('',(-67.3070293802511,-26.5684158754865,0.));
#2448=CARTESIAN_POINT('',(-67.3070293802511,-26.5684158754865,0.));
#2449=CARTESIAN_POINT('Origin',(-65.6570293802511,-26.5684158754865,0.));
#2450=CARTESIAN_POINT('Origin',(-73.6094005983316,-22.374517747208,0.));
#2451=CARTESIAN_POINT('',(-75.2594005983316,-22.374517747208,1.5));
#2452=CARTESIAN_POINT('Origin',(-73.6094005983316,-22.374517747208,1.5));
#2453=CARTESIAN_POINT('',(-75.2594005983316,-22.374517747208,0.));
#2454=CARTESIAN_POINT('',(-75.2594005983316,-22.374517747208,0.));
#2455=CARTESIAN_POINT('Origin',(-73.6094005983316,-22.374517747208,0.));
#2456=CARTESIAN_POINT('Origin',(-65.6570293802511,26.5684158754865,0.));
#2457=CARTESIAN_POINT('',(-67.3070293802511,26.5684158754865,1.5));
#2458=CARTESIAN_POINT('Origin',(-65.6570293802511,26.5684158754865,1.5));
#2459=CARTESIAN_POINT('',(-67.3070293802511,26.5684158754865,0.));
#2460=CARTESIAN_POINT('',(-67.3070293802511,26.5684158754865,0.));
#2461=CARTESIAN_POINT('Origin',(-65.6570293802511,26.5684158754865,0.));
#2462=CARTESIAN_POINT('Origin',(65.6570293802511,26.5684158754864,0.));
#2463=CARTESIAN_POINT('',(64.0070293802511,26.5684158754865,1.5));
#2464=CARTESIAN_POINT('Origin',(65.6570293802511,26.5684158754864,1.5));
#2465=CARTESIAN_POINT('',(64.0070293802511,26.5684158754864,0.));
#2466=CARTESIAN_POINT('',(64.0070293802511,26.5684158754864,0.));
#2467=CARTESIAN_POINT('Origin',(65.6570293802511,26.5684158754864,0.));
#2468=CARTESIAN_POINT('Origin',(30.335,65.7969194899012,0.));
#2469=CARTESIAN_POINT('',(28.735,65.7969194899012,1.5));
#2470=CARTESIAN_POINT('Origin',(30.335,65.7969194899012,1.5));
#2471=CARTESIAN_POINT('',(28.735,65.7969194899012,0.));
#2472=CARTESIAN_POINT('',(28.735,65.7969194899012,0.));
#2473=CARTESIAN_POINT('Origin',(30.335,65.7969194899012,0.));
#2474=CARTESIAN_POINT('Origin',(-30.335,-65.7969194899012,0.));
#2475=CARTESIAN_POINT('',(-31.935,-65.7969194899012,1.5));
#2476=CARTESIAN_POINT('Origin',(-30.335,-65.7969194899012,1.5));
#2477=CARTESIAN_POINT('',(-31.935,-65.7969194899012,0.));
#2478=CARTESIAN_POINT('',(-31.935,-65.7969194899012,0.));
#2479=CARTESIAN_POINT('Origin',(-30.335,-65.7969194899012,0.));
#2480=CARTESIAN_POINT('Origin',(-40.58792924011,-58.1655987697694,-4.44089209850063E-15));
#2481=CARTESIAN_POINT('',(-42.23792924011,-58.1655987697694,1.5));
#2482=CARTESIAN_POINT('Origin',(-40.58792924011,-58.1655987697694,1.5));
#2483=CARTESIAN_POINT('',(-42.23792924011,-58.1655987697694,-4.79507408313106E-15));
#2484=CARTESIAN_POINT('',(-42.23792924011,-58.1655987697694,-4.44089209850063E-15));
#2485=CARTESIAN_POINT('Origin',(-40.58792924011,-58.1655987697694,-4.44089209850063E-15));
#2486=CARTESIAN_POINT('Origin',(30.335,-65.7969194899012,0.));
#2487=CARTESIAN_POINT('',(28.735,-65.7969194899012,1.5));
#2488=CARTESIAN_POINT('Origin',(30.335,-65.7969194899012,1.5));
#2489=CARTESIAN_POINT('',(28.735,-65.7969194899012,0.));
#2490=CARTESIAN_POINT('',(28.735,-65.7969194899012,0.));
#2491=CARTESIAN_POINT('Origin',(30.335,-65.7969194899012,0.));
#2492=CARTESIAN_POINT('Origin',(-73.6094005983316,22.374517747208,0.));
#2493=CARTESIAN_POINT('',(-75.2594005983316,22.374517747208,1.5));
#2494=CARTESIAN_POINT('Origin',(-73.6094005983316,22.374517747208,1.5));
#2495=CARTESIAN_POINT('',(-75.2594005983316,22.374517747208,0.));
#2496=CARTESIAN_POINT('',(-75.2594005983316,22.374517747208,0.));
#2497=CARTESIAN_POINT('Origin',(-73.6094005983316,22.374517747208,0.));
#2498=CARTESIAN_POINT('Origin',(-40.4879292401057,58.2655987697737,-8.88178419700125E-15));
#2499=CARTESIAN_POINT('',(-42.1379292401057,58.2655987697737,1.49999999999999));
#2500=CARTESIAN_POINT('Origin',(-40.4879292401057,58.2655987697737,1.49999999999999));
#2501=CARTESIAN_POINT('',(-42.1379292401057,58.2655987697737,-8.81593215914574E-15));
#2502=CARTESIAN_POINT('',(-42.1379292401057,58.2655987697737,-8.88178419700125E-15));
#2503=CARTESIAN_POINT('Origin',(-40.4879292401057,58.2655987697737,-8.88178419700125E-15));
#2504=CARTESIAN_POINT('Origin',(-58.2655987697737,-40.4879292401057,-8.88178419700125E-15));
#2505=CARTESIAN_POINT('',(-59.9155987697737,-40.4879292401057,1.49999999999999));
#2506=CARTESIAN_POINT('Origin',(-58.2655987697737,-40.4879292401057,1.49999999999999));
#2507=CARTESIAN_POINT('',(-59.9155987697737,-40.4879292401057,-9.23596618163168E-15));
#2508=CARTESIAN_POINT('',(-59.9155987697737,-40.4879292401057,-8.88178419700125E-15));
#2509=CARTESIAN_POINT('Origin',(-58.2655987697737,-40.4879292401057,-8.88178419700125E-15));
#2510=CARTESIAN_POINT('Origin',(-32.7850356447244,-68.7969194899012,0.));
#2511=CARTESIAN_POINT('',(-30.335,-68.7969194899012,0.));
#2512=CARTESIAN_POINT('',(-32.7850356447244,-68.7969194899012,0.));
#2513=CARTESIAN_POINT('',(-30.335,-68.7969194899012,0.));
#2514=CARTESIAN_POINT('',(-30.335,-68.7969194899012,1.5));
#2515=CARTESIAN_POINT('',(-30.335,-68.7969194899012,0.));
#2516=CARTESIAN_POINT('',(-32.7850356447244,-68.7969194899012,1.5));
#2517=CARTESIAN_POINT('',(-30.335,-68.7969194899012,1.5));
#2518=CARTESIAN_POINT('',(-32.7850356447244,-68.7969194899012,0.));
#2519=CARTESIAN_POINT('Origin',(-40.4210039723989,-61.1609511622267,-4.44089209850063E-15));
#2520=CARTESIAN_POINT('',(-40.4210039723989,-61.1609511622267,-4.44089209850063E-15));
#2521=CARTESIAN_POINT('',(-32.7850356447244,-68.7969194899012,0.));
#2522=CARTESIAN_POINT('',(-40.4210039723989,-61.1609511622267,1.5));
#2523=CARTESIAN_POINT('',(-32.7850356447244,-68.7969194899012,1.5));
#2524=CARTESIAN_POINT('',(-40.4210039723989,-61.1609511622267,-4.44089209850063E-15));
#2525=CARTESIAN_POINT('Origin',(-40.58792924011,-58.1655987697694,-4.44089209850063E-15));
#2526=CARTESIAN_POINT('',(-43.5832816325673,-57.9986735020583,-4.44089209850063E-15));
#2527=CARTESIAN_POINT('Origin',(-40.58792924011,-58.1655987697694,-4.44089209850063E-15));
#2528=CARTESIAN_POINT('',(-43.5832816325673,-57.9986735020583,1.5));
#2529=CARTESIAN_POINT('Origin',(-40.58792924011,-58.1655987697694,1.5));
#2530=CARTESIAN_POINT('',(-43.5832816325673,-57.9986735020583,-4.44089209850063E-15));
#2531=CARTESIAN_POINT('Origin',(-58.0986735020626,-43.483281632563,-8.88178419700125E-15));
#2532=CARTESIAN_POINT('',(-58.0986735020626,-43.483281632563,-8.88178419700125E-15));
#2533=CARTESIAN_POINT('',(-43.5832816325673,-57.9986735020583,-4.44089209850063E-15));
#2534=CARTESIAN_POINT('',(-58.0986735020626,-43.483281632563,1.49999999999999));
#2535=CARTESIAN_POINT('',(-43.5832816325673,-57.9986735020583,1.5));
#2536=CARTESIAN_POINT('',(-58.0986735020626,-43.483281632563,-8.88178419700125E-15));
#2537=CARTESIAN_POINT('Origin',(-58.2655987697737,-40.4879292401057,-8.88178419700125E-15));
#2538=CARTESIAN_POINT('',(-61.260951162231,-40.3210039723946,-8.88178419700125E-15));
#2539=CARTESIAN_POINT('Origin',(-58.2655987697737,-40.4879292401057,-8.88178419700125E-15));
#2540=CARTESIAN_POINT('',(-61.260951162231,-40.3210039723946,1.49999999999999));
#2541=CARTESIAN_POINT('Origin',(-58.2655987697737,-40.4879292401057,1.49999999999999));
#2542=CARTESIAN_POINT('',(-61.260951162231,-40.3210039723946,-8.88178419700125E-15));
#2543=CARTESIAN_POINT('Origin',(-72.0041810029092,-29.5777741317163,-9.86076131526265E-31));
#2544=CARTESIAN_POINT('',(-72.0041810029092,-29.5777741317163,0.));
#2545=CARTESIAN_POINT('',(-61.260951162231,-40.3210039723946,-8.88178419700125E-15));
#2546=CARTESIAN_POINT('',(-72.0041810029092,-29.5777741317163,1.5));
#2547=CARTESIAN_POINT('',(-61.260951162231,-40.3210039723946,1.49999999999999));
#2548=CARTESIAN_POINT('',(-72.0041810029092,-29.5777741317163,0.));
#2549=CARTESIAN_POINT('Origin',(-79.3348431234098,-36.9084362522169,0.));
#2550=CARTESIAN_POINT('',(-79.3348431234098,-36.9084362522169,0.));
#2551=CARTESIAN_POINT('',(-72.0041810029092,-29.5777741317163,0.));
#2552=CARTESIAN_POINT('',(-79.3348431234098,-36.9084362522169,1.5));
#2553=CARTESIAN_POINT('',(-72.0041810029092,-29.5777741317163,1.5));
#2554=CARTESIAN_POINT('',(-79.3348431234098,-36.9084362522169,0.));
#2555=CARTESIAN_POINT('Origin',(0.,0.,0.));
#2556=CARTESIAN_POINT('',(-79.3348431234098,36.9084362522169,0.));
#2557=CARTESIAN_POINT('Origin',(0.,0.,0.));
#2558=CARTESIAN_POINT('',(-79.3348431234098,36.9084362522169,1.5));
#2559=CARTESIAN_POINT('Origin',(0.,0.,1.5));
#2560=CARTESIAN_POINT('',(-79.3348431234098,36.9084362522169,0.));
#2561=CARTESIAN_POINT('Origin',(-72.0041810029092,29.5777741317164,0.));
#2562=CARTESIAN_POINT('',(-72.0041810029092,29.5777741317164,0.));
#2563=CARTESIAN_POINT('',(-72.0041810029092,29.5777741317164,0.));
#2564=CARTESIAN_POINT('',(-72.0041810029092,29.5777741317164,1.5));
#2565=CARTESIAN_POINT('',(-72.0041810029092,29.5777741317164,1.5));
#2566=CARTESIAN_POINT('',(-72.0041810029092,29.5777741317164,0.));
#2567=CARTESIAN_POINT('Origin',(-61.1609511622267,40.4210039723989,-4.44089209850063E-15));
#2568=CARTESIAN_POINT('',(-61.1609511622267,40.4210039723989,-4.44089209850063E-15));
#2569=CARTESIAN_POINT('',(-72.0041810029092,29.5777741317164,0.));
#2570=CARTESIAN_POINT('',(-61.1609511622267,40.4210039723989,1.5));
#2571=CARTESIAN_POINT('',(-72.0041810029092,29.5777741317164,1.5));
#2572=CARTESIAN_POINT('',(-61.1609511622267,40.4210039723989,-4.44089209850063E-15));
#2573=CARTESIAN_POINT('Origin',(-58.1655987697694,40.58792924011,-4.44089209850063E-15));
#2574=CARTESIAN_POINT('',(-57.9986735020583,43.5832816325673,-4.44089209850063E-15));
#2575=CARTESIAN_POINT('Origin',(-58.1655987697694,40.58792924011,-4.44089209850063E-15));
#2576=CARTESIAN_POINT('',(-57.9986735020583,43.5832816325673,1.5));
#2577=CARTESIAN_POINT('Origin',(-58.1655987697694,40.58792924011,1.5));
#2578=CARTESIAN_POINT('',(-57.9986735020583,43.5832816325673,-4.44089209850063E-15));
#2579=CARTESIAN_POINT('Origin',(-43.483281632563,58.0986735020626,-8.88178419700125E-15));
#2580=CARTESIAN_POINT('',(-43.483281632563,58.0986735020626,-8.88178419700125E-15));
#2581=CARTESIAN_POINT('',(-57.9986735020583,43.5832816325673,-4.44089209850063E-15));
#2582=CARTESIAN_POINT('',(-43.483281632563,58.0986735020626,1.49999999999999));
#2583=CARTESIAN_POINT('',(-57.9986735020583,43.5832816325673,1.5));
#2584=CARTESIAN_POINT('',(-43.483281632563,58.0986735020626,-8.88178419700125E-15));
#2585=CARTESIAN_POINT('Origin',(-40.4879292401057,58.2655987697737,-8.88178419700125E-15));
#2586=CARTESIAN_POINT('',(-40.3210039723946,61.260951162231,-8.88178419700125E-15));
#2587=CARTESIAN_POINT('Origin',(-40.4879292401057,58.2655987697737,-8.88178419700125E-15));
#2588=CARTESIAN_POINT('',(-40.3210039723946,61.260951162231,1.49999999999999));
#2589=CARTESIAN_POINT('Origin',(-40.4879292401057,58.2655987697737,1.49999999999999));
#2590=CARTESIAN_POINT('',(-40.3210039723946,61.260951162231,-8.88178419700125E-15));
#2591=CARTESIAN_POINT('Origin',(-32.7850356447244,68.7969194899012,-9.86076131526265E-31));
#2592=CARTESIAN_POINT('',(-32.7850356447244,68.7969194899012,0.));
#2593=CARTESIAN_POINT('',(-40.3210039723946,61.260951162231,-8.88178419700125E-15));
#2594=CARTESIAN_POINT('',(-32.7850356447244,68.7969194899012,1.5));
#2595=CARTESIAN_POINT('',(-40.3210039723946,61.260951162231,1.49999999999999));
#2596=CARTESIAN_POINT('',(-32.7850356447244,68.7969194899012,0.));
#2597=CARTESIAN_POINT('Origin',(-30.335,68.7969194899012,0.));
#2598=CARTESIAN_POINT('',(-30.335,68.7969194899014,0.));
#2599=CARTESIAN_POINT('',(-30.335,68.7969194899012,0.));
#2600=CARTESIAN_POINT('',(-30.335,68.7969194899014,1.5));
#2601=CARTESIAN_POINT('',(-30.335,68.7969194899012,1.5));
#2602=CARTESIAN_POINT('',(-30.335,68.7969194899014,0.));
#2603=CARTESIAN_POINT('Origin',(-30.335,65.7969194899012,0.));
#2604=CARTESIAN_POINT('',(-27.372099717591,65.3265771502146,0.));
#2605=CARTESIAN_POINT('Origin',(-30.335,65.7969194899012,0.));
#2606=CARTESIAN_POINT('',(-27.372099717591,65.3265771502146,1.5));
#2607=CARTESIAN_POINT('Origin',(-30.335,65.7969194899012,1.5));
#2608=CARTESIAN_POINT('',(-27.372099717591,65.3265771502146,0.));
#2609=CARTESIAN_POINT('Origin',(0.,-8.88178419700125E-15,0.));
#2610=CARTESIAN_POINT('',(27.3720997175912,65.3265771502145,0.));
#2611=CARTESIAN_POINT('Origin',(0.,-8.88178419700125E-15,0.));
#2612=CARTESIAN_POINT('',(27.3720997175912,65.3265771502145,1.5));
#2613=CARTESIAN_POINT('Origin',(0.,-8.88178419700125E-15,1.5));
#2614=CARTESIAN_POINT('',(27.3720997175912,65.3265771502145,0.));
#2615=CARTESIAN_POINT('Origin',(30.335,65.7969194899012,0.));
#2616=CARTESIAN_POINT('',(30.335,68.7969194899012,0.));
#2617=CARTESIAN_POINT('Origin',(30.335,65.7969194899012,0.));
#2618=CARTESIAN_POINT('',(30.335,68.7969194899012,1.5));
#2619=CARTESIAN_POINT('Origin',(30.335,65.7969194899012,1.5));
#2620=CARTESIAN_POINT('',(30.335,68.7969194899012,0.));
#2621=CARTESIAN_POINT('Origin',(32.7850356447244,68.7969194899012,0.));
#2622=CARTESIAN_POINT('',(32.7850356447244,68.7969194899012,0.));
#2623=CARTESIAN_POINT('',(30.335,68.7969194899012,0.));
#2624=CARTESIAN_POINT('',(32.7850356447244,68.7969194899012,1.5));
#2625=CARTESIAN_POINT('',(30.335,68.7969194899012,1.5));
#2626=CARTESIAN_POINT('',(32.7850356447244,68.7969194899012,0.));
#2627=CARTESIAN_POINT('Origin',(40.4210039723989,61.1609511622267,-4.44089209850063E-15));
#2628=CARTESIAN_POINT('',(40.4210039723989,61.1609511622267,-4.44089209850063E-15));
#2629=CARTESIAN_POINT('',(32.7850356447244,68.7969194899012,0.));
#2630=CARTESIAN_POINT('',(40.4210039723989,61.1609511622267,1.5));
#2631=CARTESIAN_POINT('',(32.7850356447244,68.7969194899012,1.5));
#2632=CARTESIAN_POINT('',(40.4210039723989,61.1609511622267,-4.44089209850063E-15));
#2633=CARTESIAN_POINT('Origin',(40.58792924011,58.1655987697694,-4.44089209850063E-15));
#2634=CARTESIAN_POINT('',(43.5832816325673,57.9986735020583,-4.44089209850063E-15));
#2635=CARTESIAN_POINT('Origin',(40.58792924011,58.1655987697694,-4.44089209850063E-15));
#2636=CARTESIAN_POINT('',(43.5832816325673,57.9986735020583,1.5));
#2637=CARTESIAN_POINT('Origin',(40.58792924011,58.1655987697694,1.5));
#2638=CARTESIAN_POINT('',(43.5832816325673,57.9986735020583,-4.44089209850063E-15));
#2639=CARTESIAN_POINT('Origin',(58.0986735020626,43.483281632563,-8.88178419700125E-15));
#2640=CARTESIAN_POINT('',(58.0986735020626,43.483281632563,-8.88178419700125E-15));
#2641=CARTESIAN_POINT('',(43.5832816325673,57.9986735020583,-4.44089209850063E-15));
#2642=CARTESIAN_POINT('',(58.0986735020626,43.483281632563,1.49999999999999));
#2643=CARTESIAN_POINT('',(43.5832816325673,57.9986735020583,1.5));
#2644=CARTESIAN_POINT('',(58.0986735020626,43.483281632563,-8.88178419700125E-15));
#2645=CARTESIAN_POINT('Origin',(58.2655987697737,40.4879292401057,-8.88178419700125E-15));
#2646=CARTESIAN_POINT('',(61.260951162231,40.3210039723946,-8.88178419700125E-15));
#2647=CARTESIAN_POINT('Origin',(58.2655987697737,40.4879292401057,-8.88178419700125E-15));
#2648=CARTESIAN_POINT('',(61.260951162231,40.3210039723946,1.49999999999999));
#2649=CARTESIAN_POINT('Origin',(58.2655987697737,40.4879292401057,1.49999999999999));
#2650=CARTESIAN_POINT('',(61.260951162231,40.3210039723946,-8.88178419700125E-15));
#2651=CARTESIAN_POINT('Origin',(72.0041810029092,29.5777741317163,-9.86076131526265E-31));
#2652=CARTESIAN_POINT('',(72.0041810029092,29.5777741317163,0.));
#2653=CARTESIAN_POINT('',(61.260951162231,40.3210039723946,-8.88178419700125E-15));
#2654=CARTESIAN_POINT('',(72.0041810029092,29.5777741317163,1.5));
#2655=CARTESIAN_POINT('',(61.260951162231,40.3210039723946,1.49999999999999));
#2656=CARTESIAN_POINT('',(72.0041810029092,29.5777741317163,0.));
#2657=CARTESIAN_POINT('Origin',(79.3348431234098,36.9084362522169,0.));
#2658=CARTESIAN_POINT('',(79.3348431234098,36.9084362522169,0.));
#2659=CARTESIAN_POINT('',(72.0041810029092,29.5777741317163,0.));
#2660=CARTESIAN_POINT('',(79.3348431234098,36.9084362522169,1.5));
#2661=CARTESIAN_POINT('',(72.0041810029092,29.5777741317163,1.5));
#2662=CARTESIAN_POINT('',(79.3348431234098,36.9084362522169,0.));
#2663=CARTESIAN_POINT('Origin',(0.,0.,0.));
#2664=CARTESIAN_POINT('',(79.3348431234098,-36.9084362522169,0.));
#2665=CARTESIAN_POINT('Origin',(0.,0.,0.));
#2666=CARTESIAN_POINT('',(79.3348431234098,-36.9084362522169,1.5));
#2667=CARTESIAN_POINT('Origin',(0.,0.,1.5));
#2668=CARTESIAN_POINT('',(79.3348431234098,-36.9084362522169,0.));
#2669=CARTESIAN_POINT('Origin',(72.0041810029092,-29.5777741317164,0.));
#2670=CARTESIAN_POINT('',(72.0041810029092,-29.5777741317164,0.));
#2671=CARTESIAN_POINT('',(72.0041810029092,-29.5777741317164,0.));
#2672=CARTESIAN_POINT('',(72.0041810029092,-29.5777741317164,1.5));
#2673=CARTESIAN_POINT('',(72.0041810029092,-29.5777741317164,1.5));
#2674=CARTESIAN_POINT('',(72.0041810029092,-29.5777741317164,0.));
#2675=CARTESIAN_POINT('Origin',(61.1609511622267,-40.4210039723989,-4.44089209850063E-15));
#2676=CARTESIAN_POINT('',(61.1609511622267,-40.4210039723989,-4.44089209850063E-15));
#2677=CARTESIAN_POINT('',(72.0041810029092,-29.5777741317164,0.));
#2678=CARTESIAN_POINT('',(61.1609511622267,-40.4210039723989,1.5));
#2679=CARTESIAN_POINT('',(72.0041810029092,-29.5777741317164,1.5));
#2680=CARTESIAN_POINT('',(61.1609511622267,-40.4210039723989,-4.44089209850063E-15));
#2681=CARTESIAN_POINT('Origin',(58.1655987697694,-40.58792924011,-4.44089209850063E-15));
#2682=CARTESIAN_POINT('',(57.9986735020583,-43.5832816325673,-4.44089209850063E-15));
#2683=CARTESIAN_POINT('Origin',(58.1655987697694,-40.58792924011,-4.44089209850063E-15));
#2684=CARTESIAN_POINT('',(57.9986735020583,-43.5832816325673,1.5));
#2685=CARTESIAN_POINT('Origin',(58.1655987697694,-40.58792924011,1.5));
#2686=CARTESIAN_POINT('',(57.9986735020583,-43.5832816325673,-4.44089209850063E-15));
#2687=CARTESIAN_POINT('Origin',(43.483281632563,-58.0986735020626,-8.88178419700125E-15));
#2688=CARTESIAN_POINT('',(43.483281632563,-58.0986735020626,-8.88178419700125E-15));
#2689=CARTESIAN_POINT('',(57.9986735020583,-43.5832816325673,-4.44089209850063E-15));
#2690=CARTESIAN_POINT('',(43.483281632563,-58.0986735020626,1.49999999999999));
#2691=CARTESIAN_POINT('',(57.9986735020583,-43.5832816325673,1.5));
#2692=CARTESIAN_POINT('',(43.483281632563,-58.0986735020626,-8.88178419700125E-15));
#2693=CARTESIAN_POINT('Origin',(40.4879292401057,-58.2655987697737,-8.88178419700125E-15));
#2694=CARTESIAN_POINT('',(40.3210039723946,-61.260951162231,-8.88178419700125E-15));
#2695=CARTESIAN_POINT('Origin',(40.4879292401057,-58.2655987697737,-8.88178419700125E-15));
#2696=CARTESIAN_POINT('',(40.3210039723946,-61.260951162231,1.49999999999999));
#2697=CARTESIAN_POINT('Origin',(40.4879292401057,-58.2655987697737,1.49999999999999));
#2698=CARTESIAN_POINT('',(40.3210039723946,-61.260951162231,-8.88178419700125E-15));
#2699=CARTESIAN_POINT('Origin',(32.7850356447244,-68.7969194899012,0.));
#2700=CARTESIAN_POINT('',(32.7850356447244,-68.7969194899012,0.));
#2701=CARTESIAN_POINT('',(40.3210039723946,-61.260951162231,-8.88178419700125E-15));
#2702=CARTESIAN_POINT('',(32.7850356447244,-68.7969194899012,1.5));
#2703=CARTESIAN_POINT('',(40.3210039723946,-61.260951162231,1.49999999999999));
#2704=CARTESIAN_POINT('',(32.7850356447244,-68.7969194899012,0.));
#2705=CARTESIAN_POINT('Origin',(30.335,-68.7969194899012,0.));
#2706=CARTESIAN_POINT('',(30.335,-68.7969194899012,0.));
#2707=CARTESIAN_POINT('',(30.335,-68.7969194899012,0.));
#2708=CARTESIAN_POINT('',(30.335,-68.7969194899012,1.5));
#2709=CARTESIAN_POINT('',(30.335,-68.7969194899012,1.5));
#2710=CARTESIAN_POINT('',(30.335,-68.7969194899012,0.));
#2711=CARTESIAN_POINT('Origin',(30.335,-65.7969194899012,0.));
#2712=CARTESIAN_POINT('',(27.3720997175912,-65.3265771502145,0.));
#2713=CARTESIAN_POINT('Origin',(30.335,-65.7969194899012,0.));
#2714=CARTESIAN_POINT('',(27.3720997175912,-65.3265771502145,1.5));
#2715=CARTESIAN_POINT('Origin',(30.335,-65.7969194899012,1.5));
#2716=CARTESIAN_POINT('',(27.3720997175912,-65.3265771502145,0.));
#2717=CARTESIAN_POINT('Origin',(0.,-8.88178419700125E-15,0.));
#2718=CARTESIAN_POINT('',(-27.3720997175912,-65.3265771502147,0.));
#2719=CARTESIAN_POINT('Origin',(0.,-8.88178419700125E-15,0.));
#2720=CARTESIAN_POINT('',(-27.3720997175912,-65.3265771502147,1.5));
#2721=CARTESIAN_POINT('Origin',(0.,-8.88178419700125E-15,1.5));
#2722=CARTESIAN_POINT('',(-27.3720997175912,-65.3265771502147,0.));
#2723=CARTESIAN_POINT('Origin',(-30.335,-65.7969194899012,0.));
#2724=CARTESIAN_POINT('Origin',(-30.335,-65.7969194899012,0.));
#2725=CARTESIAN_POINT('Origin',(-30.335,-65.7969194899012,1.5));
#2726=CARTESIAN_POINT('Origin',(-8.69702603569134E-31,-8.69702603569134E-31,
1.49999999999999));
#2727=CARTESIAN_POINT('Origin',(-8.69702603569134E-31,-8.69702603569134E-31,
-8.68796003637018E-15));
#2728=UNCERTAINTY_MEASURE_WITH_UNIT(LENGTH_MEASURE(0.01),#2732,
'DISTANCE_ACCURACY_VALUE',
'Maximum model space distance between geometric entities at asserted c
onnectivities');
#2729=UNCERTAINTY_MEASURE_WITH_UNIT(LENGTH_MEASURE(0.01),#2732,
'DISTANCE_ACCURACY_VALUE',
'Maximum model space distance between geometric entities at asserted c
onnectivities');
#2730=(
GEOMETRIC_REPRESENTATION_CONTEXT(3)
GLOBAL_UNCERTAINTY_ASSIGNED_CONTEXT((#2728))
GLOBAL_UNIT_ASSIGNED_CONTEXT((#2732,#2734,#2735))
REPRESENTATION_CONTEXT('','3D')
);
#2731=(
GEOMETRIC_REPRESENTATION_CONTEXT(3)
GLOBAL_UNCERTAINTY_ASSIGNED_CONTEXT((#2729))
GLOBAL_UNIT_ASSIGNED_CONTEXT((#2732,#2734,#2735))
REPRESENTATION_CONTEXT('','3D')
);
#2732=(
LENGTH_UNIT()
NAMED_UNIT(*)
SI_UNIT(.MILLI.,.METRE.)
);
#2733=(
LENGTH_UNIT()
NAMED_UNIT(*)
SI_UNIT($,.METRE.)
);
#2734=(
NAMED_UNIT(*)
PLANE_ANGLE_UNIT()
SI_UNIT($,.RADIAN.)
);
#2735=(
NAMED_UNIT(*)
SI_UNIT($,.STERADIAN.)
SOLID_ANGLE_UNIT()
);
#2736=SHAPE_DEFINITION_REPRESENTATION(#2737,#2738);
#2737=PRODUCT_DEFINITION_SHAPE('',$,#2740);
#2738=SHAPE_REPRESENTATION('',(#1628),#2730);
#2739=PRODUCT_DEFINITION_CONTEXT('part definition',#2744,'design');
#2740=PRODUCT_DEFINITION('## open-robot-raw','## open-robot-raw v26',#2741,
#2739);
#2741=PRODUCT_DEFINITION_FORMATION('',$,#2746);
#2742=PRODUCT_RELATED_PRODUCT_CATEGORY('## open-robot-raw v26',
'## open-robot-raw v26',(#2746));
#2743=APPLICATION_PROTOCOL_DEFINITION('international standard',
'automotive_design',2009,#2744);
#2744=APPLICATION_CONTEXT(
'Core Data for Automotive Mechanical Design Process');
#2745=PRODUCT_CONTEXT('part definition',#2744,'mechanical');
#2746=PRODUCT('## open-robot-raw','## open-robot-raw v26',$,(#2745));
#2747=PRESENTATION_STYLE_ASSIGNMENT((#2755));
#2748=PRESENTATION_STYLE_ASSIGNMENT((#2756));
#2749=PRESENTATION_STYLE_ASSIGNMENT((#2757));
#2750=PRESENTATION_STYLE_ASSIGNMENT((#2758));
#2751=PRESENTATION_STYLE_ASSIGNMENT((#2759));
#2752=PRESENTATION_STYLE_ASSIGNMENT((#2760));
#2753=PRESENTATION_STYLE_ASSIGNMENT((#2761));
#2754=PRESENTATION_STYLE_ASSIGNMENT((#2762));
#2755=SURFACE_STYLE_USAGE(.BOTH.,#2763);
#2756=SURFACE_STYLE_USAGE(.BOTH.,#2764);
#2757=SURFACE_STYLE_USAGE(.BOTH.,#2765);
#2758=SURFACE_STYLE_USAGE(.BOTH.,#2766);
#2759=SURFACE_STYLE_USAGE(.BOTH.,#2767);
#2760=SURFACE_STYLE_USAGE(.BOTH.,#2768);
#2761=SURFACE_STYLE_USAGE(.BOTH.,#2769);
#2762=SURFACE_STYLE_USAGE(.BOTH.,#2770);
#2763=SURFACE_SIDE_STYLE('',(#2771));
#2764=SURFACE_SIDE_STYLE('',(#2772));
#2765=SURFACE_SIDE_STYLE('',(#2773));
#2766=SURFACE_SIDE_STYLE('',(#2774));
#2767=SURFACE_SIDE_STYLE('',(#2775));
#2768=SURFACE_SIDE_STYLE('',(#2776));
#2769=SURFACE_SIDE_STYLE('',(#2777));
#2770=SURFACE_SIDE_STYLE('',(#2778));
#2771=SURFACE_STYLE_FILL_AREA(#2779);
#2772=SURFACE_STYLE_FILL_AREA(#2780);
#2773=SURFACE_STYLE_FILL_AREA(#2781);
#2774=SURFACE_STYLE_FILL_AREA(#2782);
#2775=SURFACE_STYLE_FILL_AREA(#2783);
#2776=SURFACE_STYLE_FILL_AREA(#2784);
#2777=SURFACE_STYLE_FILL_AREA(#2785);
#2778=SURFACE_STYLE_FILL_AREA(#2786);
#2779=FILL_AREA_STYLE('\X2\92FC\X0\ - \X2\30B530C630F3\X0\',(#2787));
#2780=FILL_AREA_STYLE('ABS(\X2\767D\X0\)',(#2788));
#2781=FILL_AREA_STYLE('\X2\30A230EB30DF30CB30A630E0\X0\ - \X2\3064308451FA3057\X0\',
(#2789));
#2782=FILL_AREA_STYLE('\X2\92FC\X0\ - \X2\30B530C630F3\X0\',(#2790));
#2783=FILL_AREA_STYLE(
'PA 12 - Nylon - PA 603-CF (EOS P 3D \X2\30D730EA30F330BF4F7F7528\X0\)',
(#2791));
#2784=FILL_AREA_STYLE('\X2\30DD30EA30AB30FC30DC30CD30FC30C8\X0\(\X2\30AF30EA30A2\X0\)',
(#2792));
#2785=FILL_AREA_STYLE('\X2\30A230AF30EA30EB\X0\(\X2\30AF30EA30A2\X0\)',
(#2793));
#2786=FILL_AREA_STYLE('ABS(kuro)',(#2794));
#2787=FILL_AREA_STYLE_COLOUR('\X2\92FC\X0\ - \X2\30B530C630F3\X0\',#2795);
#2788=FILL_AREA_STYLE_COLOUR('ABS(\X2\767D\X0\)',#2796);
#2789=FILL_AREA_STYLE_COLOUR('\X2\30A230EB30DF30CB30A630E0\X0\ - \X2\3064308451FA3057\X0\',
#2797);
#2790=FILL_AREA_STYLE_COLOUR('\X2\92FC\X0\ - \X2\30B530C630F3\X0\',#2798);
#2791=FILL_AREA_STYLE_COLOUR(
'PA 12 - Nylon - PA 603-CF (EOS P 3D \X2\30D730EA30F330BF4F7F7528\X0\)',
#2799);
#2792=FILL_AREA_STYLE_COLOUR('\X2\30DD30EA30AB30FC30DC30CD30FC30C8\X0\(
\X2\30AF30EA30A2\X0\)',#2800);
#2793=FILL_AREA_STYLE_COLOUR('\X2\30A230AF30EA30EB\X0\(\X2\30AF30EA30A2\X0\)',
#2801);
#2794=FILL_AREA_STYLE_COLOUR('ABS(kuro)',#2802);
#2795=COLOUR_RGB('\X2\92FC\X0\ - \X2\30B530C630F3\X0\',0.627450980392157,
0.627450980392157,0.627450980392157);
#2796=COLOUR_RGB('ABS(\X2\767D\X0\)',0.964705882352941,0.964705882352941,
0.952941176470588);
#2797=COLOUR_RGB('\X2\30A230EB30DF30CB30A630E0\X0\ - \X2\3064308451FA3057\X0\',
0.96078431372549,0.96078431372549,0.964705882352941);
#2798=COLOUR_RGB('\X2\92FC\X0\ - \X2\30B530C630F3\X0\',0.,0.,0.);
#2799=COLOUR_RGB(
'PA 12 - Nylon - PA 603-CF (EOS P 3D \X2\30D730EA30F330BF4F7F7528\X0\)',
0.247058823529412,0.247058823529412,0.247058823529412);
#2800=COLOUR_RGB('\X2\30DD30EA30AB30FC30DC30CD30FC30C8\X0\(\X2\30AF30EA30A2\X0\)',
0.964705882352941,0.964705882352941,0.952941176470588);
#2801=COLOUR_RGB('\X2\30A230AF30EA30EB\X0\(\X2\30AF30EA30A2\X0\)',0.964705882352941,
0.964705882352941,0.952941176470588);
#2802=COLOUR_RGB('ABS(kuro)',0.,0.,0.);
ENDSEC;
END-ISO-10303-21;
